user_location,user_name
"","ChelseaBex"
"under your bed.","ErinPattisonn"
"","GooSau"
"","Esraaa86"
"NCAT/WishANiggah Woods","MoetWitMedusa"
"","AlainaPartlo12"
"","EliseSandstw12"
"","GloriaEdwards12"
"","Ariiadnylopes"
"With The Northern Army...","sirfirefist"
"PLANET HIP HOP","IAMTHEWC"
"kuwait NYC Orlando NewOrleans","subdice"
"you r timeline.. | you r heart","ArielGpe"
"Dickslanger","CheechStoned"
"","answersuniverse"
"","amaeee"
"my little bubble...","ShaniNDeed"
"Cheezy land.","szeeyinggs"
"YG Entertainment","Bellixyz"
"","JHPost"
"SchoolHomeEverywhere in town","ph1no"
"","OlaOsman"
"","bankeey"
"TRENDSETVILLE","labelsovalove"
"Solo the spirit of Java","BernardTofan"
"","AhLuvsActBlur"
"","MrzLoveJones"
"","l33tloser"
"DMV, Laurel","EveNdEye"
"Amreeka","BintFilistine"
"","DRDiego23"
"Above the radar...","haadeh"
"","LOVEgivesmehope"
"","JamiieRoot"
"AtLondOmery","08TailDAW6"
"Hustlin staccin $$$","jussHUMBLE"
"","D0LCEREDB0SS"
"","ardikusu"
" / me, my tears, & I /3","callMeCurlySue"
"","InObamaLand"
"nowhere visible","autumnopera"
"everywhere & more","jilliannbanks"
"","MzFiesty11"
"","ELaiNE1596"
"","MarieWilson19"
"","7tammi7"
"Justin bieber heart :D","EyyaBiebShawty"
"","Victorilyn"
"","Tattoojordy"
"ÜT:  6.96748,107.666234","annisaDillaa"
"Wherever your mom is","Katexx2"
"On a Skateboard...DC, Cola","803socialite"
"Miami Bitch","ShadBrody"
"","Dionneplecht"
"","BirungiIves"
"","Maleny8"
"where ever you log on...","metacouture"
"","Epikk"
"where im tweetin from..","KiefSweat"
"","leticiasb"
"","tyler1012518"
"","AssociatedPrep"
"","vinis94"
"Isis  Ink Well","NolaDarling"
"","iansherridan"
"Verified","TheTomEgo"
"","OdagiriRyu"
"ÜT:  6.886358,107.582642","audreyhasian"
"","OhhMyAshh"
"Killa Cali ;D","SeductiveBabyy"
"","bvc17heartCR7"
"HOUSTALANTAVEGAS","uloveCOURTZz"
"..somewhere being REAL","REALSHxT"
"","dclickers"
"","kupcake18"
"","stairbundy"
"","Tatjania"
"","flipflopsnat"
"In my own mind","almostfamous820"
"~Malfoy Manor~","DarkAngelJessy"
"ÜT:  6.218598,106.761218","nirbeng"
"","BiancaYoung3"
"","weekiswee"
"anywhere with food!","suannnn"
"","sarahcalaunan"
"","haorits"
"","confelligent"
"","RACHEELSMITH"
"","PastrySimpson"
"","PHrozenP"
"Moon Walking On The Sun","ThatsCool"
"Moro... num país tropical...","casagrande"
"","chadterbox"
"Earth duhh","koolaidsmiletee"
"","classicsky"
"","yanouz"
"In your subtweet","RAYCHELrayy"
"The Cloud He Writing On","ApplaudNesh"
"","biancawajnblum"
"ÜT:  6.900301,107.602353","vincrumahloine"
"","avilamolly"
"","KweaneLuna"
"ÜT: 42.393842,21.487676","crlsptn"
"Hotel Bella Muerte","DrHoudini"
"look behind you.","thully"
"","in0nymous"
"","bethannnn"
"ini lokasi saya","ichannnnnnn"
"In your grave","ilhaambahagia"
"","redsheilata"
"ÜT:  7.774337,110.410618","tomtomtomo"
"","TheRealRemnant"
"","diegovigzer"
"","sykkelnyttdotno"
"At yo daddy dinner table","ItsPinkyBabii"
"We all Over!!","Da106nParkTwinz"
"","OhHopefulAndrew"
"","hosiawak"
"","techmoneydj"
"","windawitz"
"JackkkkkSON","JDot2Hott"
"","KingBeaArthur"
"At The Top Bitch","brianasodope"
"","msdkh"
"","littlebiancaa"
"","Abir2020"
"Ima Brooklyn Boy","reggi3kush"
"N his arms I lay ...","TrysB"
"","nullfuture"
"Catch me if ya can...","DTatedaREALest"
"Wish a nigga Woods","CoolAsAPenguin"
"","Celesttayy"
"","megaadhie"
"","romanticcabins"
"Sitting on a chair.","SnoeMariee"
"","quaviddotcom"
"one of these A STATES","ColeChill"
"","jagrasse"
"at yo mama house...","BtcBlowMe"
"","HollyGoldhawk"
"Madie s Land!!!","AllAboutMadie"
"Saudi Stock Market","MDaveH"
"Outchea","MP3ality"
"Utopia with @RalphHardy","CrizzyCraze"
"","disquisition"
"Living my dreams","HollyWoodNash"
"","matheusdabrit"
"","Peter010"
"","ChidoriRyan"
"ÜT:  6.173553,106.785483","AldoEthelbert"
"","earlleeevans"
"wherever @AvrilLavigne there","WWWayu"
"","IceeWater"
"Dexter s Laboratory.","BombAssBam"
"","sydneymaxfield"
"Sitting on a stoop","RyansdicknaBox"
"","lbmarie23"
"","JasenSilverdove"
"Wherever I am, there I IZ !","DeeRamsey"
"#TeamDMV/#TeamNSU","KeebIsKing"
"o3ninteen  o4five o4fifteen","bieburs"
"","praashok"
"","StarrSaid"
"","msmarilouhaque"
"","daannniiiiiiii"
"Between my Heart and Mind.","JustBCool"
"Anywhere you want me to be","kinsorame"
"","hypelifetv"
"","StunningDakota"
"","LiamMarchant"
"TEEDOT.","graciebaaby"
"","rachelsigner"
"","1justinbieber18"
"","chalibar"
"Dal Nac Ston","NinjaMartian"
"","KierstenIvy"
"","MsDittmar"
"","PoppyHoad"
"","amandaaQT"
"In my thoughts.","RodUnstoppable"
"Wes s World","WesPimp1"
"","UniqueMsBri"
"","kpin2010"
"","Thesofine1993"
"singing to an audience of 1","iMinmei"
"","allieilitch"
"","shayti88"
"","Phinex1330"
"Behind you.","tayjaybieber"
"Tweetin  While Skeetin","THErecordStr8"
"","eshoponline"
"","TheKidsRealBro"
"ÜT:  6.159998,106.909748","soniarchie"
"Where The Lions Sleep..","ViktorMcFly"
"ÜT: 0.0,0.0","tiaraaddicted"
"","budiriadinda"
"ÜT:  6.319963,106.683622","Jordymarsono"
"Under your bed","MyElianna"
"somewhere in my wonderland .","deviliica"
"A Brand New World To See","TrainerHannah"
"your bed ;)","jillianbieberx"
"","noitsnotsian"
"Internetz","SoundMonitorinG"
"","shreveportcrime"
"im shufflin","TheBiebsWay"
"","freshEdatzme"
"","UnNoticedTalent"
"","Torranceisbest"
"","connorhall88"
"","SucOnDisSpelChk"
"ÜT:  6.908163,107.623429","izzypramuditos"
"","sba25k"
"Over There  Look!","DontBeDigginMe"
"216 919 they luv me newhere","imsohovish"
"Neighborhood of make believe.","eyedress"
"ÜT:  6.328281,106.832244","riqiirawan"
"","NotTheGolfer"
"D [M] V..PG County Or At #UMES","SoloRoc"
"on my level!!!","therealnizzle"
"","5DollarFtLong"
"you aint never there!","CrownedRoyal83"
"","RomanticCreep"
"","mflem2703"
"Liam Payne :)","ErinPaynex3"
"","LasVegasFrogJam"
"","SportsDay2Day"
"","jamiemyrick"
"","charmiitsme"
"Yinzer in Middle of No Where","mjportash"
"","KDogOutfitters"
"","YouRgUrlEli"
"","bjoerndalen"
"Somewhere in the world.....","melorozco"
"","vallejocrime"
"iPhone: 0.000000,0.000000","leTwtrGris"
"Minding My Business","DaBestToEvrDoIt"
"with Tinkle & Sex. :)","xlightmeup"
"Reaching 4 da STARZ","MzUpgradeU"
"","Spoiledbrat87"
"Somewere There s A Flash","urbanflash"
"Ravenclaw Tower","cupocourtney"
"ÜT: 54.983304, 7.33474","JadeNicolexo"
"","TheyCallMeTune"
"Lost in my own head.","katinki01"
"Ons The Throne","CaptainEgo21"
"ÜT:  6.282209,106.93927","melizafitria"
"Zetaland","GiRLwithTaTTS"
"ÜT:  6.244163,106.938176","JisephHakim"
"WoRLd ((0F)) SwEEtS","tastexS0xsweet"
"Riggz","squirreldrummer"
"","RebeccaBlingz"
"","danielamars"
"","WalberswickBell"
"ÜT:  6.224893,106.605054","krishannen89"
"somewhere in ur heart :)","MissBuney"
"","ChrisMatheson"
"las gidi","erflyness"
"","Elagabalus"
"Dark side of the moon","hormazd91"
"Deep in the Heart of Texas","CoreyJMr88"
"HBCA","XoToK"
"","mjzulueta"
"","MilannG"
"Right next to you :]","JoanneeBieber"
"In A Creative State Of Mind","iProphit"
"","GabriellaDiaz4"
"looking down on you all.","BrittanyyBurin"
"","ttcheech"
"","TommyLucciano"
"","KaylaMarieeee"
"Is In your mom s bed ; )","DoPeisMark"
"ÜT:  6.484724,106.817188","fifisofiaps"
"","MichelleHedrick"
"","leeplourde"
"7 TresDeuce","KevinChalk"
"","blackbarbidoll"
"Following my future..","OnCloudMars"
"Camp Half Blood","jesssutandi"
"ÜT:  7.685545,110.414921","siidika"
"ÜT:  6.127835,106.89766","daniapouchen"
"NorCal, baby!","404error"
"ÜT:  6.409781,106.771579","danielwaw"
"","AyeshaMohdd"
"","juliesuzan"
"Right next to you! ;)","gritachii"
"","Bmazz123"
"Where the Wild Things Are","iDevisu"
"On tha left On tha left","flyyychick"
"","DiedPiepMuis"
"Planet Jedward obv","StaceyGrimesWL"
"A red house over yonder.","juanharristan"
"","beringtononline"
"","scoop84"
"http://bismark.tv/","BISMARKTV"
"","FabulousSavings"
"","arnoldphoto"
"","frediflexta"
"Bieber s bed(;","kkellybieber"
"ÜT:  6.911953,107.616686","achmad44"
"beneath your blanket","zulfanadest"
"","playbingofree"
"","charmingmusic"
"The Wonderful Land of OZ","AlecHuisa"
"Everywhere you want to be.","MasterBruce"
"Köhln","Tanisaurio"
"","blogcenneti"
"","tantytatitut"
"ÜT:  6.396399,106.811109","Aryaravato"
"The Earth Solar System","fulviomaiani"
"I live in my bed.","BoomBeeHooker"
"land of the lightskins","PromkingShawtyy"
"Manes/Twist World Peckham","JayeMunkMane"
"Behind you ;)","BeliebingGuy"
"Somewhere Beyond the Sea","mcasti"
"LIT.WORLD","TyViereLIT"
"  UMANO|D C|TY","SugarPain483"
"","HetWeerNu"
"Outchea","GrantsAndFranks"
"ILiveInYourThoughts;)","SckMyTweets"
"Kuntcliff, Hangover Park","jessybrit0"
"Where The Wild Things Are","PimpNameDeezy"
"Malfoy Mannor","CaroLestrange"
"","parasaul"
"sittin PRETTY w|OUT YOU","imDESTYNEbiitch"
"N 41°6  0   / E 28°59  0","mertevgin"
"","BillionWifey"
"ÜT:  6.29553,106.756887","LarasatiDahnial"
"","anndressalima"
"","MissMonicaWiley"
"","jamieeemary"
"dihatimu sayaaang :p","galuhcandraS"
"giving free hugs(:","TAlvord101"
"","rachelwordds"
"","AEMTcalabro"
"","mizzmarilyn"
"","missabdulghani"
"ÜT:  6.131528,106.85359","eugeniaverina"
"di dunia, menuju akhirat","andinitaaNH"
"Russia|Fire Nation","HelenTeamTLA"
"","faraahputri"
"Why re u lookn 4 me","Sulamania"
"","gamteuk"
"","atiqurrahman"
"","dphif"
"#MELBOURNEBELIEBER","viollettaaa"
"ÜT:  6.815625,107.622376","nisanduut"
"","tatkls"
"","abookwormblog"
"","shinigamittsu"
"","belletidy"
"","katieandrews"
"","Jnta68"
"","MsKieraP"
"Lost n Ma Thghts","OnCloud734"
"Every girl s mind (Nomad)","DeionHawk"
"","esoclectica"
"sehnfiveee,","biqSC00p"
"","LookItsTrain"
"with dan kanter.","iBeliebInPayne"
"","thampaula"
"Still relocating","mikesopm"
"http://OovoO :REakky Da Mack","REaKky1800"
"","moncoxm94"
"Heaven ( will be )","oyaaa"
"ciera house","ImThatNigga"
"","ahhmayzinGlynn"
"  &","ShapphireMin"
"behind you.","reenaynay"
"","meldeenp"
"","setthatonfire"
"","imkeosha"
"","nurastrinisjam"
"KICKIN IT WIT SCUBA STEVE","DaObnoxious1"
"An Alternate Reality","IrrASHional1"
"Anywhere Help Is Needed","penelopepup"
"","misakitty34"
"","vickytashw"
"","iamjesters"
"Ireland Babyyyyy","ClaireWLFilan"
"Sonic Dress Up Party","JenJamn"
"ÜT:  6.304576,106.930437","zakyzimah"
"","BarzeyNW"
"Right Where I Need To Be","DamoneWilliams"
" ...on a private jet ...","Tristan2289"
"","only1chaka"
"","FreeToProsper"
"ÜT: 8.265271, 62.7501","EnyPaez"
"Nowhere In Particuar","MaryBoBerri"
"","andylbowman"
"","KissMyCake428"
"","matthewbardsley"
"","Shridonoda"
"JYP Nation","jeffrinee"
"Alkebulan~Ghana~Tema","HumbleDix"
"","otisgun"
"Holding the throne down","BFRANKDAKING"
"somewhere on earth","AntonyHendra"
"","missBhaven314"
"ATLshawty","tasteemytweet"
"21/4/11 w/Zachary Efrcn","MileyRayCx"
"","beejaydoubleu"
"100miles from normal.","JillianIRamsay"
"","LARRYMORROW"
"","fabsciack"
"","KatrinaSchaefer"
"","BigO1019fm"
"","AntonellaWreck"
"","JenSainty"
"Piggfarts. That s on Mars!","RumbleRaawr"
"","DeannaDeangelo"
"","LaowPing"
"On ur TL","hardaykunlE6"
"","iProsperTiaMia"
"Secret place of the most High.","9Berkel7"
"dont worry about it ;)","veeksta"
"TRINALANA","shaydgaf"
"","GradeAADAIR"
"","BaptizeMyEyes"
"Hell... if I know","iShakeBabies"
"","inerreality"
"Da Motherland","ibeinDAcut"
"","jdbranno"
"UMDcp/ Eritrea","jockinjoji"
"","NakedInTokyo"
"","ChrisArrCooper"
"","nicoo7t"
"  Verified Krisbian","RupertJensenKSW"
"ÜT:  6.117899,106.911132","firahnyaoki"
"Essex, 3Shank County","BanditBlacks"
"","philadelpcrime"
"is Noming ur Leg. [RP]","MalibuRAWRZ"
"(Ode of Solitude ) D.C. NW","GenetycEDGE"
"","99Michelle"
"In yo ass!","MyTMouse76"
"unclecleo@att.net","unclecleo"
"where visa is accepted","corgunna860"
"ATL+++H*Town","PrettyLadiiBri"
"your imagination","biscuittmfs"
"","texasdago"
"","iamguyi"
"","LushLuv"
"","ashturil"
"Where You Wanna Be..","ChelsieSIMMONE"
"Your bed.","yelyaHWelch"
"Safety of my own thoughts.","SloopJohnB"
"","GaryTuchmanCNN"
"","kbenweg"
"","HPRocksDenden"
"","garpetpeaa"
"","DarthLionel"
"Nac Nasty","exaltedone27"
"","TomWelland"
"","chukudee"
"ÜT:  6.216126,106.710716","keziaamelia"
"","travistilly"
"Nathan s Dreams (;","BethMcSykesTW"
"Your Moms Bed Room !","KushLuvsJordans"
"ÜT: 10.481812, 66.88145","julioc7"
"     nowere s land","Pennyac"
"","SARAngKIM"
"","CarInformation"
"Unicorn pussy","ShaunaSayomi"
"Where you wanna be","brekaPooh"
"Por ahi...","4mich"
". . .","lovePINKandLEXI"
"","MauricioBMX"
"","CharlotteGiver"
"","BIGVonDon"
"SHIT!! ..Im lost again","JordanLeee"
"Below the rim N.CALI","MattySatchwe11"
"Dimanaya","REVAOCTAVIA"
"","doocucom"
"Right behind you","xXTheDarkWolfXx"
"","DavidTruter"
"","musuraki"
"","SuhManthuhh12"
" 33.869160,151.093704","paulwiggins"
"","STCIus"
"","saintrevenge"
"","iCynthia"
"en route 2 the tippy TOP","HIGHLifeLivin"
"","mobiletrendsinf"
"","kaeriey"
"Under your Bed","KirsGinLeo"
"","MelissaLinton"
"In a kingdom far far away!","basoom8"
"","FLOWERXXIII"
"","PusherBeats"
"","kuschantal"
"SHINee World","xonlyhalfmad"
"focus on where Im goin..","dreddynuhEZ"
"Lake of Tranquillity Lane","missbeejoseph"
"ÜT:  7.429138,109.246036","haiRinasthy"
"","carolyynes"
"","thegrundl"
"","DudeLife"
"TCU Kitchen","TopChefU"
"Dreaminggg in Parisss!","LuxeriousLaya"
"","jeremyperez37"
"","saharnabila"
"","mapmusicru"
"Lachowski s bed","genevieveleong"
"","zackiealexio"
"ÜT:  6.2724,106.926256","nadhirafa"
"Her alternate universe.","marlowfocker"
"","RobCave"
"","praewbababa"
"","Telboyuk"
"","flookfirehose"
"","HumbersideFire"
"","courtneylouwe"
"","SarahFreshBaby"
"","hannahnatashaaa"
"","Celebrityzone"
"","kenlipeterson"
"Chatts World","ChattsWorld"
"","msustormchasers"
"","inlovewithdamon"
"Hog calling","nahbEFFthat"
"The Pads, MPC","jinbeast"
"where ever you want .","niceguyzack"
"LSU and Dallasss","HelgaPataki"
"Small Towns & Big Cities.","SirShek"
"wherever the fuck Pete is","PetesAttitude"
"The Likely Estate, Britain","lordlikely"
"Beside you, scared","HEDYLYT"
"","HotTrendInfo"
"","sachetas"
"lurus, pertigaan belok kiri...","athenaaf"
"","beddauninja"
"N 45°21  0   / E 18°59  0","ZJurc"
"Bieberland","xohmybrittx"
"The beach, or the desert","bch2desert"
"","LittleDroz"
"","JDurks2"
"","LARidder"
"","kellyhalpen"
"","Viocchan"
"Bieber Company","bieberswifters"
"CaliFanyia","jellojuseyo"
"","discountchains"
"ÜT:  6.16518,106.898794","3ciaW"
"kyuhyunoppa world :D","nissashishu"
"","Khadafiodido"
"ÜT:  5.397697,105.282911","glgmrdk"
"Mailbox in the Arctic","ZaffiroRubino"
"","EdNimfo"
"ÜT:  6.216634,106.99351","ellmaciigncull"
"ÜT:  6.242341,106.944025","feisalagung"
"ÜT:  6.189629,106.770558","dylanhadi"
"","ilrnews"
"CRAZYLAND, Denmark","Tarkess"
"","aureliavilla"
"Behind you","MrThreeOh5"
"","audinary"
"","Hollymcbain"
"","reallymatter"
"","TimWolfgang"
"Florida.NC.WAfrica.EAfrica","BingaDzim"
"Donde me encuentren.","EdArturo"
"","ajithfbpage"
"Planet Fli","PhenomMari"
"closer to my dreams:)","queenJuJuBEAZ"
"","BenStandig"
"Ayee bitch ass Vee","LeMuffet"
"","anadelacajiga"
"","amyelizabethd"
"","XxDanaDollxX"
"DA COAST BIIATCH","msdimediva101"
"","OEDee"
"","LilyKillsz"
"","AndrewBuncombe"
"","mayakessler"
"","MattSelection"
"o O yes yal im here","WhenNRome"
"ÜT:  6.232801,106.851066","Baqir20"
"","akkroger"
"Everywhere i go","SpaceChinees"
"","greengumbears"
"stalker much !","PeaceLuvNBelieb"
"","abiwild"
"","samuelheard"
"Anusha s bed.","JoshInTheBox"
"","thelilpenguin"
"","Beeezz"
"","NINInotNENE"
"Polo shoppin  at Bloomingdales","FyeScott"
"Realadelphia/Fayettnaam","CEOVOP"
"","THECFORCE"
"","kicksznchickz"
"","FSCaridadH"
"","KillEmKels"
"","rainynilu"
"","SDeLaBelle"
"","BloodisThicker1"
"Every muthaf***in where!!!!","DrV2thaKay"
"far far away in my head","BoubieD"
"","iluvmakingmoney"
"","dannyctkemp"
"","HIGHandYELLOW"
"","alraiders7"
"wwe universe  CeNation","OhCena"
"","bspnowplaying"
"","RmcRenegade"
"","JulesDixon"
"Where I Want To Be","ELFJR1108"
"Wanting Justin Bieber!","IcanBeJustMe"
"","SamanthaSeaholm"
"chillin  with yogii bear.","Ladiii3Z"
"","ssweetn"
"","JRees93"
"","connielawson4"
"Reppin   Serbia yoo.","DaBieberBitch"
"","theocnow"
"","cshoeyy"
"","uraGEOK"
"","jrenmans"
"","flavaswag"
"ÜT:  6.323236,106.801058","Msreeika"
"","xGREENIEEEx"
"San JO & Frisco, LA & D troit","kayscheri"
"Mikey s House","huephuongMCR"
"","hellyeahdayah"
"NMARJA","rannics"
"","MASKURAID"
"","Nadiablues"
"Ur fridge :)","OYONYC"
"","tiff1851"
"","megsxoxo"
"","BoBoulware"
"","engy79"
"Wandering Around East...","HarrisonJ"
"","floraeyo"
"","iSerr"
"","MadisonatShoal"
"","KAJNews"
"","Court2real4TV"
"","TheeGodmotha"
"Springfield, MO....for now","ironman4"
"IM EVERYWHERE U NEVA THERE","JustJosh95"
"","mfgmobile"
"","grumpymacattack"
"","renzyidowu"
"","cindyapadilla"
"","j0rdanmiller"
"Richlington","evaniscool420"
"","Yeahyeahying"
"","mhsbc"
"","VasanRulez"
"","IyeYellSwaggg"
"is never the same","aarondesean"
" 6.21,106.85","ttiiwi"
"In my Jacuzzi","lullabyputri"
"","haidarraiz"
"Planet Mars","93MillionLies"
"Deal of the Day, USA","UltimateDoD"
"on twitter","sambfg"
"in your blood...","9tro"
"","TheHungryTiger"
"","foxnewsus"
"Anywhere the spotlight is!","MustCiTV"
"","FuldenS"
"","LKWarrell"
"Around here and there","Roteame"
"pineapple under the tree","amunoir"
"floopylândia","SuhBelle"
"","francescalexxx"
"Where ever you at","MychalHarris10"
"in line at Chipotle","QuettaLovesMe"
"","EekaMittn"
"ÜT:  32.942775,27.741447","Vejinity"
"","simpaul"
"","CazeyW"
"Where Ever The Money s At","UncleNoor"
"","aukebrand"
"You tell me.","ashleyvblanco"
"","usspotnews"
"Humanoid City","luizachacom"
"","miltbone"
"FAR away from you :)","xspensiveTASTE"
"","LeRoiScholtz"
"","BecksTurner"
"Home Of Anime","ANIWORLDCOM"
"ÜT:  6.629226,106.826729","chokiawh"
"","sophomosprime"
"","khamilaroma10"
"Yamada s pants","bonyyuto"
"","itsmissh"
"","xKatieMatey"
"","testnamexp"
"nowhere and everywhere.","carlycressler"
"","Proud2BeLEO"
"ÜT:  6.278662,107.021661","alifaRP"
"","atkhcherry"
"JAY WALKIN W/ YA GIRL","KickzMYAss"
"ÜT:  8.799194,115.198947","aryamawisesa"
"^ ^W0rld of ZaNeSSa^ ^","VHudFanTweet"
"","PerdyP"
"ÜT:  7.814043,110.382122","anitarevi"
"","wine594"
"","sumbuydee"
"Dark World/Middle Earth","LegendaryTony0"
"","beccasteve"
"A Notch Above The Rest","MKakaBigMo"
"","allizzy9903"
"Six feet under the stars","NeverShoutCT"
"","diinneee"
"","BravesDiva"
"Welcome 2 My World BLVD","TeamSincere"
"","porraline"
"Takin ova da Burgh","DRobTrackKilla"
"#imfromjersey","FuckDaUsername"
"Laying underneath ya queen","Musicphenom"
"swag surfin","ceylandish"
"","ODUCR"
"Vintage Photography Forum","AntiquePhoto"
"","WalkzLoveMoney"
"","benchkvecher"
"","dwiimeyani"
"","Stephaniebee1"
"","ChristineSegaya"
"XIIWLº¹¹ s world","alfaniatrianes"
"","Brex2"
"","SamKimber24"
"ÜT:  6.199927,106.895196","StephAmanda"
"","Rapunzel109"
"","ByeBabyBelly"
"","nicolebieberTW"
"peerrrthh Australiaaaaa","Hermellaaa"
"axe ur mummy","Mizzybukkii"
"Higher Than You","ArimasLavan"
"Wildcat Country FVSU","VerifyDesNuts"
"Dexter s Laboratory.","theDEElish"
"","jordanfasolini"
"Somewhere Sparkinn","cuzTISEsaidSO"
"Mobile2Huntsville&back","snowbunnieXOXO"
"In My Own Little World","AuralPleazure"
"","MrPayPerChase88"
"","sheilashaya"
"city of evil","FuckingCurse"
"ÜT:  6.097868,106.693098","Deviiannaa"
"","MelisendePF"
"ÜT:  6.132001,106.867858","monicayando"
"Planet Earth | South Africa","jsnmrk"
"","CindyySt"
"","FeliciaLinda14"
"","LoriPorcelli"
"","SmarterMrkting"
"","KCBD11"
"","phalliburton"
"","davecladis"
"","DafftyAmy"
"ÜT:  6.242191,106.937969","dulkiri"
"Starting trouble","SmartChick215"
"Outskirts of Ramgarh","GabbbarSingh"
"","wheezyheron"
"","Squirrel4Prez"
"All overr homiieee","JUSTINFAMOUS"
"","CrazyBreakdown"
"Next to the Angels","NewDayRemedies"
"","YaniiSalvay"
"modest hoe","angiimonster"
"","Fatterick"
"","heyleeh"
"Nowhere on Earth","jacinthoriya"
"","ilovejadensmith"
"ÜT:  6.382884,106.930325","galarisave"
"Twitter. Tweeter.  =)","hey00imnikki"
"","JPalmerHoffman"
"","Marcelowanzeler"
"Wherever Hip Hop Lives!","DYMELifeRadio"
"Right above you","mreyez1"
"united states, innit.","alyastronomy"
"hollywatts to sactown","darealdibiase"
"Near Hermit Jim s Shack","GaiaphageCom"
"","Bernardtoo"
"Trapped in my Mind","melssp"
"Neverland with Peter Pan","meghanxoxx"
"","jayechris9500"
"","ColdRockinIt"
"mY World Now!!EARTH!!!!! lol","PURRPLEfab"
"Wherever the pigeons are!","ShazzamGio"
"OutcheaVille , America","JoshToFocused"
"","anisaniCA"
"Somewhere Spending It All","TwoTwentyMe"
"IM NOT A FAN","FUCKITBEHYPHY"
"","erudhio1127"
"Behind you :p","simpLybLack72"
"","nataliachild"
"","techtraveler"
"","sapsecurityjobs"
"hiding under the bed","fluxusftw"
"Anywhere where The CASH at","itsALLboutME"
"","HausOfLabRat"
"","clint2view"
"","GolfRightNow"
"","Ehrc69Her"
"","OzarkGeoGeek"
"Tschernobyl25.de","reneleonhardt"
"The wrong end of Abbey Road","grapeescape"
"","vermamonisha"
"creamin  on YO bitch","istrappdYObitch"
"Basking in the Limelight","badbittyyy"
"","ChantellaBella7"
"ÜT:  6.280594,106.792925","Benigebleg"
"","kupleabizzx"
"","allycondie"
"ÜT:  7.967901,112.660737","LiyanHAD"
"Where ever u are","Vincentadrian"
"","TwiningsTeaUK"
"Nusa Indah F**king Noise","burahman"
"","MsZondi"
"","l0veVabLEmp"
"","harishkatragadd"
"none of your freakin bees wax","apinun"
"","R3nZ487"
"With Cody Simpson (;","BeliebinCodyS"
"","SaraRegan"
"","elsmtcom"
"","AlexisBieber3d"
"Somewhere, Norway.","rndstrofchars"
"","ESHBAYYYBE"
"Wit Muh clip on Muh hip","ThugDoutLmarie"
"Deep in them Pockets!","Themspriss79"
"","Kahtrina"
"","VickeyMouseOi"
"Milky Way Galaxy","Liisakp"
"","HubVideo"
"Locd up!","LocXurious"
"","AlwaysNTrouble"
"WORLD IN MY HEAD","68ANDIOU1"
"ÜT:  6.894399,107.599015","santifitriati"
"Rapunzel s Tower","CrunchieApple"
" í   rvíll","JBieberTeamPH"
"Inbtw ur .......","lutosin"
"","ahmeddie"
"","JaplesCO"
"","debmoosky"
"Somewhere u AREN T!!","iHateClones"
"","TewaWeLoveU"
"Bsider","idjebba"
"","Bamagurl721"
"","tiaayers"
"","Kriskxx"
"","cumwitbrii"
"","payton179"
"En su Asiento Trasero","McKenzieDee"
"Follow the Music","iScream4Indie"
"","loveprodigy"
"","AyYoJo"
"","shhirls"
"Lost in my thoughts...","JamalFrederick"
"outchaaa","ePIFFhany"
"","rizkurn"
"my laptop","moneytwitting"
"","jovanpahlawan"
"","jclevoleger"
"ÜT:  6.239218,106.890238","ellajaesutaka"
"","lophqtty"
"","Sarah2232"
"Band rma","serhatozer"
"","Kittenspet"
"","meggitt95"
"","supermanGF"
"MyOwnLittleWorld:)","AmyNDubzUltraNy"
"","IZZIEBEAR"
"","sisleybee"
"crib de la jonas","xoJonasHeartsxo"
"","Arlynnee"
"","phuongtoolovely"
"","JohnNavi2"
"","natalie1719"
"","caffeineweenie"
"glasgow:D","amyjbtw"
"","nowmov"
"","videoseyret"
"A BOAT PLANE OR ISLAND! STYLIN","RAGINERA"
"","xilsee"
"","wireclaydavis"
" 27.920492,153.335226","collypops"
"I am EVERYWHERE!!!! : )","JasraelDesigns"
"northsiddyy.","nivaarubabyy"
"","nikitaetmode"
"FROM QUEENS TO URANUS","misseznattie"
"","Fuckuwant"
"","wurkinprogress"
"If U Dont Know Yet Focus Up!!","iTzCzO"
"","Ceestar928"
"","RomanticFlux"
"Wherever the Party Is","CoolP42"
"","mikenelson55"
"The Gunshine State","DhillLaflare"
"Tryna Save The Day.","ItsDannyLou"
"","stockbuyingtips"
"Out of context.","lolapop86"
"ÜT:  6.204935,106.852947","hjenggo"
"","abbybabyness"
"ÜT:  6.173875,106.784675","ikhahyun"
"In soul and beautiful melody","desyntlina"
"Illimité International","Illimite"
"SABMiller   Soft Drinks Div","meteishja"
"","BriHope12497"
"","CNNshowbiz"
"","davidXXXO"
"Not from London, y know","Withnailizer"
"+ 43.7952°,   79.3509°","UchihaCM"
"","jennybehm"
"Liam s contact list ;]","HarryStylesFaan"
"EVERYWHERE LOVE","QueenCoCoBella"
"Somewhere living my life!","TEAMTierra"
"Where thee wild things are","TaylordMufaa"
"Teyona s inner thoughts.","TRoxks"
"","breymasterson"
"Ahead Of You Fool!","WhosJeff"
"","vloop"
"","Cjerome0831"
"Houstatlantavegas","KdotBest"
"","thaitvnews"
"","TierraMonroe"
"","AndrewMoore92"
"Killa Cali ;)","AlyssaMariee"
"","zaabjuda"
"Stalking your mum.","Wendy8Yeung"
"ÜT:  7.764585,110.428382","liennlenna"
"A cosmic void","WallpaperRose"
"ÜT:  6.368055,106.853618","Lechy"
"ÜT:  7.268207,112.796973","nandasugesti"
"","8pmnews"
"JORD s tummy.","JJansenSupport"
"","PablinFerreira"
"YamadaLJoeKitayama","yamadakoibito"
"","RockyTopGA"
"","idiotxbeauty"
"on the high stool,supping","bootsybah"
"","mefiblue"
"","mefigreen"
"","Daddykeefy"
"Seriable.com","Seriable"
"Bij wifey @swaggirll x","MrSilvanoo"
"http://news.oxerjen.com","oxerjen"
"just a road trip away","MrBMichael"
"Everywhere yu not!","DeviousDiva22"
"","FictDaily"
"KCMO, STLMO","UpperKlass"
"","JRMOORE29"
"","KPisfocused"
"l0S ANGElES 213 BiTCH","daddykidroxx"
"","barmstrong24"
"","Saenz2010"
"","Iluschris"
"Pentagon Palace","AKasoStory"
"","Mzzzy"
"","iLUVMileyNBiebz"
"ÜT:  6.197651,106.959923","msameliahuang"
"","OMGitsPHE"
"","fredvu"
"","fallofjoey"
"Atlantars","DarkPatu"
"","Adelheidd"
"","newsiegal"
"Josh Franceschi s bed.","WhatsButter"
"The Catlina Wine Mixer","DJCox30"
"Tha Carter","juscoollikethat"
"","GeorgeChez"
"","NardzLuvzU"
"","HndaCivicForum"
"","broookkkeeee"
"","LS1Techcom"
"","topmodel29"
"In yo Fridge eatin your food","TheHechtic"
"","srbijadanas"
"WORLD BANK SAFE ROOM","icekeed"
"","BradLawless"
"","mikedtnb"
"","JDBsSweetHearts"
"215 home of the phillies","DiDoubleLenga"
"","VenaKresnan"
"","lukinals"
"ÜT:  6.240769,106.864013","revihafiz"
"Feint semblance of reality JHB","orDayned"
"ÜT:  3.653328,103.776016","belanino"
"","edechocolate"
"","salsaabil"
"","Fofiznaah"
"iPhone:  6.190233,106.762573","dickyl"
"","KIRO7RickPrice"
"In Mars,Destination the Moon","OR1G1N4L3M"
"","KingRaclynStorm"
"We Global","1tedDJ"
"Lindaland, le land de fin","lindaskye"
"Any&Everywhere","JusCaLLmeMJ"
"","dodyalva"
"","Songbirdeeee"
"Haus of Gaga, USA","KaylaC248"
"In Chevy s arms...U Mad","SheReeses"
"","Hamstirr"
"","BCrawf"
"","KKaptaINTURK"
"ÜT:  7.049284,110.430743","desysativa"
"","TayElizz"
"In the land before time.....","ComeonSon00"
"Hinamizawa","pinkxkiller"
"","AnimeShinbun"
"","beachpsalms"
"","m4wee"
"ÜT:  7.278863,112.751107","trikurniam"
"TECH NO LIMIT !!!","nickboyfilter"
"ÜT:  6.170336,106.808653","shilantach"
"","DMAILnews"
"","DMAILscitech"
"","techextant1"
"","piersbourke"
"","randjelvladimir"
"oddfuture.com","PyramidHarrold"
"Alazka with Mr.Penguin","rialinggar"
"luciama ayu lestari","luciamaayu"
"","AmrSalahElDin"
"ÜT:  6.248116,107.02261","chelvinofadina"
"BballCourt/Stage/LA","KissMyDimpless"
"Falling from the stars.","chloerawr"
"","poshbeedemie"
"","biblioca"
"Midwest Swangin","MissMiyona"
"WHERE I KNOWYOU WANNA BE","MRPP1"
"Down the Rabbit hole.","ItsCarla2U"
"Wherever life takes me","TruthAsToldByV"
"yo nigga crib!","GoogleMeBby"
"Lost in my rhymebook!","GonzoYungG"
"Where Amazing Happens.","LONGJON"
"On another planet","LadiiMowet601"
"Rosecrans hoe.","TOkCBz"
"ÜT:  5.435527,105.263496","chrizzunique"
"","psionicdreams"
"ÜT:  6.254319,106.702926","muhammadkahvy"
"Livin that Cali dream","KaylaThugsIt"
"Wherever the hell I like","DemonLord3"
"Fort Usss","donkeyysLONGg"
"Prolly with yo bitch!","TWAMPSACGOD"
"yeahhh","ThatNiggaDope"
"Bieber Land   || indonesia ||","vcvrmg"
"Dimana ada kamu disitulah aku","leonieecl"
"your bed","McEcstasy"
"","stijnmarrewijk"
"Your Boyfriends Bed(;","HerNameWasNikki"
"","JaBoyPrinceJay"
"Nipplopolous, Hairy","etHanTReMblay29"
"","dougm121"
"","ElizabethBurke"
"","sianellismartin"
"six feet under the stars","mariFUKINgarcia"
"","TargetIL"
"Get Next To Me","Zone3Brabant"
"","JeSuisAYANNA"
"Bristowlikeeeshittt.","TeeJayOD"
"","St3vi3T"
"","CharCho690907"
"562,310,818,951","LkJayare"
"","chibelllovers"
"","Daisyyychains"
"Hell on Earth","JonGotti"
"Time stops for no one...","ChristinaYang77"
"Planet Murdah, next to Mars","MallySH0Tem"
"","lata7zan"
"","rsep"
"","Jawwhn"
"","nenyezany"
"ÜT:  6.690667,106.94373","YolandaEmpel"
"relaxin w/ winnie the pooh","CHACHAtAUGHtU"
"United Queendom","NikkiiRozay"
"","NgrNewsFisher"
"","MattJLewis"
"Soviet Canukistan","snakeoilbaron"
"","xCiaoBellaaa"
"  My Verified Account","TheElleWoods"
"k town bitch.","misszpanyathong"
"Here nor There","TuneInZoneOut"
"","legioner27"
"","dollfaceDeexP"
"","chefditto"
"wherever you want me to be","Lchazeleyes"
"Walking on a dream","whoSaan"
"here chillen in UB","DaRoyalAries"
"","CupCakeLover91"
"","teek3d1"
"Oz. NSW. EC=boganland","Schmikyo"
"In the lymelite","iLovebunnay"
"outer reaches of ur mind","ChrisFua"
"","jamieroxas"
"Chitroit,Orbatron","NOSPEAKERZ"
"","sibudem"
"Our Village Earth","AdamPantouw"
"wherever Harry is","1DForEternity"
"","ElectricalNews"
"interwebz","xcjfx"
"Some Where Smokin Good =)","JustEatCookie"
"http://techding.com","techdingdotcom"
"","ajannetti21"
"","RX7Club"
"La Masion De PrimaDonna","TeFlonDoNNaMeCH"
"","zovig1994"
"","djspecialk33"
"HoustAtlantaVegas ..DMV","PetiteNPierced"
"In my own little world","ibNETTEworkin"
"where the red ferns grow","PlainPat1"
"Divaville","BellaDivaKP"
"An apartment in denial","LiciTress"
"Funcie","haleyjolove"
"","mrhuewee"
"","Yukinao6"
"Earth Mars & Pluto","ConshayRozay"
"","EricJJohnson79"
"","Iambienna20"
"ÜT:  6.158252,106.712584","GabriellaGen"
"","Hedydforyou"
"","Bevjoefan"
"ÜT:  6.201988,106.893265","azliv"
"somewhere chillin","Yallknoluce"
"","ohheybebe"
"","Qbrown70"
"","cordierocks"
"","MakiShrieks"
"KPOP WORLD.","SURINNNNNNNA"
"Walking down the 18th","IPlayGolf"
"","o0SovereignUK0o"
"A Stadium or Arena Near You","ufrsports"
"iPhone: 0.000000,0.000000","RiiaWood"
"","DaysandCounting"
"Reavis island","MrMeshack"
"","YungPaidShawdeh"
"Dreaming Of Other Lands","7500Kirsten"
"","RunMizzou11"
"","moneymaker00760"
"","yardsellrdeals"
"Tough Enough Compound","steveaustinBSR"
"mArS WiTh jIMmY nEUtRoN!!!","PreZtige"
"Young Money Land","LoveableLynn"
"ÜT:  6.946035,107.714343o","razanof"
"why you stalkin","NastashiaLee"
"dmv son...","Ricksmallz"
"LakerNation","TeeSoCrazy"
"","hisashiteacher"
"","Fortune1984"
"TIDEnation","ChOKalaTiNI"
"","lalitaamartinez"
"201.314.504.618","KITTYRANGER535"
"DREIUNDACHTZIG  CITY     o","Dinashafara"
"In my own little world.","Cyclingsi"
"","pausaurus"
"ÜT:  6.319911,106.769651","marioiyoo"
"","UncleSigFroid"
"","tomkimber1"
"","MadiesBaby524"
"Meh home :)","Pewee717"
"tre 4,da boro,b town","RIOWORLD336"
"","KelseyLeFevour"
"Saturn s Rings","AntiBarbieAJ"
"","ItsMikeyBxtchs"
"","MontJustMont"
"","tanaykut"
"","JayClutchMoorer"
"","PYTmica"
"Jail!/ atl cuhh","mfdotbmoore"
"","JayStizz133"
"","drumjourney"
"","officialhex"
"","bekkablack"
"","187cms"
"","iMDTF"
"Above Most","TeccaN9naBooty0"
"all along the eastern shores.","aurrea"
"","LTido"
"ÜT:  6.203834,106.830383","mozartius"
"","twittnetgocios"
"","KuhSharpie"
"","barboss5"
"Dongdong City, Zombie Land","yonasjoseph"
"","phillycharity"
"I m WHERE you wanna BE....","bonitamami8"
"","andrewswing"
"where you want me to be","moneelove91"
"","bigpapascottf"
"","Brynnskyler"
"  Is u eastside or what","BrozUpGeneral"
"","JBAD88"
"","TheeLolaBee"
"","HesterJedward"
"","alhabieli"
"","shelikestowrite"
"","dowant"
"","badfishin88"
"","Kathleenraawr"
"Wasting, Gas","Lamarr1FTC"
"","kRiikRiiO"
"On top that palm wine tree!","imDaveChuks"
"","cubsfan"
"IM IMPECCABLE BABY","TiTLEMiiQuEEn"
"Chasing My Dreams .","LisaMarieElite"
"","ItsManiBitches"
"WAQ ASS SA","FLYBoiSwAgg"
"","unusualyoubrit"
"","kdzwierzynski"
"","rahManiade"
"","TreyDawg48"
"","HoneySellsHomes"
"","chandlervt"
"","agenkgeng"
"Everywhere & Still Here","rnbkidd88"
"","Aiman1979"
"BFBS HQ","ForcesNews"
"Living life w @Toro8D","ComanderMcSHORT"
"","TeamBonJovi"
"","JoviLifer"
"Most likely a library.","brittnnicole"
"","cheaptires4sale"
"Planet Groove","TerronAustin"
"Just o  ow [M]e","TRUTHandEGO"
"getting my life in order..","jeannieee24"
"gotubs.com","Hieu9"
"Under your bed","snaaaz"
"","Tera00000008"
"","RivkaBelle"
"","lysdxc"
"sheher e Ghalib","ck2085"
"","fragiledesire2"
"","nmhrradb"
"","wayananggi"
"hideaway beneath the waves","yangrob"
"","genver"
"","vencut2"
"","liveleak"
"","hartig55"
"","FashionCeleb"
"","angfiex"
"","Lilhaan"
"L0S ANGELES","TaylorReneee"
"","MAHALChanny"
"Los Gangales","tunedoa"
"","prettylitlliar"
"Indy Area","vw73182"
"Somewhere by the Sea","365beautifulife"
"Straya","TheLizzyEnd"
"Emmas Pants","kmoney00"
"","diggableme"
"y0 M0mMa f00L~~","chaindawgg"
"beautiful califas","ibeaimee"
"","FajriAdilla"
"","EnoTheWonderdog"
"","Maryeook"
"","abhiqrtz"
"Houstatlantavegas","RayCo77"
"","roeel"
"iPhone: 0.000000,0.000000","veejizzle"
"","nuunurina"
"","TimAlbrechtIA"
"Precious Bahrain","Shaikhalicious"
"","emndc"
"bieberland !!","justinfreek"
"Canucks Nation","morningCola"
"","ThatGirlSOCx"
"VIP Section of Hell","TheRealKevcola"
"My room most of the time","SewGlam"
"","donald555"
"","asadonline167"
"All over Texas. srly.","StevviSerrano"
"C.A.L.I.4.N.I.A","whompwhompSTFU"
"","LonglastingJ"
"","suchitasampath"
"","bclesen"
"","Katasaurus"
"","jhwilensky"
"God knows where","PippaLikesYou"
"","TheRealPTindle"
"","tiannaclaudio"
"where my ipod is","rosaly334"
"","jillhermans"
"","sexilexii7"
"Nicki Minaj s boobs.","BiebsUnderMyBed"
"In and out of London, baby.","AdamArnold"
"Philly(uptown)","Millmattics"
"","Atomface101"
"last place you look","LittleHomo"
"Soap boxes around the world","EpDArtist"
"Dancing somehwhere,,,(:","JsbffeawdOBTRD"
"","CharlieWills11"
"TRILLVILLE","TinaDaRudeGal"
"Next to my Angel","IamJ9911"
"","HopeSchaefer"
"From my hood to yours","iWETsheets"
"","8nt2Proud2Tweet"
"","Tr3Dash"
"Parisj van java,Hindia Belanda","funM"
"","datalossstories"
"","pennyfullpantry"
"","julssrey"
"","JuuAndradeOFC"
"","icesergeant"
"","AimeeCroysdill"
"","cowboycourtney"
"i am on Mars","tashenajelani"
"Wherever my feet take me.","oneoftheherd"
"Philanthropolis","shykurtz"
"","katiemarie8596"
"","kelsisradd"
"","HannahZimmerman"
"TRAPPIN N MY TAVS....","CASHPROFIT"
"","Jillstips"
"Deep inside your mind","BrothaToTheNite"
"ÜT: 18.43802, 68.940711","juanosays"
"","MelyssaTweeting"
"","GoofieKissME"
"out thuggin","shaababy19"
"LOCATION: INTER STELLAR","FutureSoundTV"
"","ArcturusDamon"
"","ashleysciora"
"","DaProbl3mCh1ld"
"Sussex but i may be imaginary","Gidiboy"
"","iAMDarkNLovely"
"Bitch fyd me if u can#","mistingting"
"","deviantforms"
"","ICv2Feed"
"","RomanusSum"
"JAYS SKITTLE DRAW","ShanMcGuinessTW"
"Læccan","thefourpartland"
"","VidaRicci"
"on top of ur dad","diivadom01"
"ÜT:  6.275976,106.752769","noelaira"
"","naturallipretty"
"","TwackleNFL"
"","gLeeTurkey"
"","Teessaaaa"
"Foat Wuth, Tex.","usfvoodoo5"
"The Interwebs","Vinomorph"
"","Artimagination"
"","TwackleSports"
"ÜT: 10.641069, 61.464231","swannboss100"
"lookin down on you","SanaeNae"
"","Latifahsquirts"
"FreeThrow Line.","mpa1acpac"
"","KatlinMarata"
"","VonDiGGoxox"
"","monicanique"
"ÜT: EveryWhere","LmacMoThugs"
"","TracyLund"
"nunyabussiness","teslaaa"
"At my desk","rebecmurphy"
"","Solotugee"
"","idiotequed"
"","xomorrrgannnxo"
"ÜT:  6.568854,106.796901","StefieDP"
"","JacoGC"
"ÜT:  6.597622,106.793848","rezamandy"
"ÜT:  5.127411,119.415381","RafaelKusuma"
"My Avatar","kennybogopane"
"","gymrat73"
"","Sysnetgs"
"bulalakaw sa himpapawid","denyao"
"","mohamedwat"
"in your nightmares :D","xChaira"
"cLOUD 10, OH (C.O./Nati)","AvAtorHughes"
"","THEREUP"
"","slidyabby"
"","SamueLLCoolJ"
"","Trungiee"
"","DJK"
"","FRESHBOIKEV"
"","pensionsnews"
"","MikeDowns4"
"","kimmollo"
"East Landaaan","beegowri"
"over there somewhere","JeffThaGreat"
"","amyscoullerx"
"","somterf"
"","SafeRoads"
"The Squad Grouds","BigRichS"
"601 bred/VA is my residence","NiCakes"
"","EllenCYT"
"","vmps1"
"","mrtornado"
"","LowrahLee"
"","dustinbisschoff"
"ÜT:  6.138367,106.921927","aulianiarsy"
"","oke1985"
"","fisixushare"
"N 26°57  0   / E 75°47  0","firefrozen4"
"Earth... For Now","JustLeke"
"Working Hard To Get There","DeztheMan"
"","inha777"
"Omw","derra92"
"","SeanDHensley"
"","FODACorg"
"","StockPlaysOnlin"
"","TheTacticalWire"
"Six feet under the bins","AllTimeMarium"
"","MinuloveJunsu"
"ÜT: 35.041098, 78.896357","iJump910"
"ballsacks","nickbarryisdead"
"usually lost","adymunday"
"Swagapore","BieberPremiere"
"in yo bed ;)","thebieberswagg"
"GLENATEN,ALABAMA bwo BHAM","M5GL3N"
"The Academy, Gallifrey","TauMaralat"
"Dimana aj boleh :D","karkarennn"
"ÜT:  6.188067,106.909965","L333TA"
"justinbieber s heart 3","anjecka"
"","FatimaFulaij"
"IhaveEsp&YoureLuckyYouKnowMe","Tarifaa"
"","HotMiamiStyles"
"in Justin s pants.. . ;)","SexyBieberAbs"
"","brandonlmills"
"Leedz","Samantja"
"In my thoughts/In my dreams","SoAriGant"
"ÜT:  6.224116,106.808141","bogalakonpic"
"some where out there:)","OCrapImSarah"
"","bharatkumarkona"
"","Andihaq"
"","cynthiadiandra"
"SWIFTLAND","longlonglive13"
"ÜT:  7.359885,112.737032","bebbyadriana"
"","Marriotti67"
"","JoeQuestier"
"","jdruotolo"
"     !","cath3riine"
"in your mind. always. :)","duncRAWR"
"","kongawongarooga"
"between mars and venus","LOVEquanna"
"","brownleejustin"
"The Pants Party","DSexxxx"
"2 steps ahead of you","LucyBlaze"
"Toronto(YYZ)x(JFK)x(LAX)","shaqisdope"
"#WithDanKanter(:","BiEbErFeVeR06"
"","theplanes"
"","alyssaspizzirro"
"ÜT:  6.567312,106.784525","gemilangadika"
"","31stcenturyboy"
"","tashapytmack"
"","HaleyReneJacobs"
"","TrulyDoobie"
"","pattyosullivan"
"Nearest basketball court","nickTHEdon003"
"NAPTOWN&ATL","onenightonly"
"","munguia444"
"","kissjossoo"
"Las Vegassssss","Delaneydizzle"
"","nayylacious"
"detention, again","xmascigs"
"Everywhere You Go !!!","LalaGidiBoi"
"Tuckerville (UK)","MaxTucker"
"","USQ1111"
"","Barnabahh"
"","fattamixD"
"","this11"
"","ranstallard"
"","ohiyabon"
"","aEntertainment"
"WhereTheWildThingsAre.","SeanEffKennedy"
"[ closer to my dreams )","LoveHopeFaith"
"","Gezus"
"","CrysDolow"
"Sky high in the clouds","DaricoSuave"
"wherever waldo is..","malloryplaster"
"","dheanyadhea"
"The World in Tweets","NowTwitting"
"","juangab"
"ÜT:  6.948878,107.636082","diezirable"
"","infomundo"
"","ahtlam"
"ÜT:  6.887125,107.618707","udayhimself"
"","benmason"
"","franicol"
"","BloomingtonFire"
"Go Hard City","realmelodic"
"UK, Chezzy to be exact :)","Bieber1DLove"
"#FloatN On A Sea Of Green","scorpdaboy"
"Cikokol familia","fajarsotoy"
"In Ram s & Bunny s Hearts","sillijo"
"","OhYeahNadiem"
"FLYY STREET, SHOE GAME AVE","BussinTweety"
"","JuneMusicNotes"
"","AlvinNoChipmunk"
"Earth, UMAD  :)","Kiteena"
"","HElizabethXO"
"","Kippytaro"
"","BeautifullyMe"
"In the stu wit @yangyangsound","GEMINI8D"
"bornNraisedNsokillakalifornia","Dai4u13"
"Right place Right time","GimmieKemmie"
"SHINING SHINee World","shengalina97"
"","YeaDatsScoot"
"","howtogeeknews"
"somewhere cozy","simjodi"
"new zee zee","Beeburr"
"In Suspended Animation","eclectik"
"","kaderroberts"
"The North Pole. HAH.","FIONA29"
"","uchechijide"
"","SatanWasMyPimp"
"ÜT:  7.93415,112.601904","SirEdwin"
"Viet Fuckin Nam","thehulkamania"
"studying crackheads","chickenNbitches"
"","YOKryp2nyte"
"Shadowsong/Wyrmrest Accord","MaeliNexi"
"To do list.","iSellyJelly"
"","PRincessMiche"
"La Palace Al Aweer.","Saviola66"
"ÜT:  6.180453,106.71983","NuzulTriawan"
"","HomeFilmSchool"
"Jersey Girl     @ westga","imaDAWL"
"ÜT:  6.87781,107.587284","deaivory"
"","MckenzieJay"
"","TheHundredss9"
"","justbeingsteve"
"","Habibi313"
"","Phoenixplumes"
"life is a big holiday","JuniorKaffo"
"ÜT:  6.23108,106.906404","bowobaghaskara"
"","rendysendy"
"houstatlantavegas","bangbangbxtch"
"","ChiquitaK1975"
"","sectionarticle"
"Backstroking in champagne.","akaRayWest"
"ÜT: 0.0,0.0","AYFH"
"Dans le nord du 450","Obstineuse"
"","treceytree"
"","WanaBProv31"
"Endonappylust","ItsLikeTandy"
"","moncarmel"
"on www.shopnastygal.com","NHAUTECOUTURE"
"","WCrossAnoka"
"OPKS","karatikki"
"A patch of urban eden.","MarijaynSays"
"","MayolaSchneeber"
"MKE/ DAB","SmurfTastiic"
"4frm UMES~~to: Trinity{DC}","ellerads"
"","phaiiiiiiiiiiii"
"Jennah AL Aziz, Inshallah","JIHADALKABEER"
"","tpdbx"
"ÜT:  6.226989,106.617626","puputdputri"
"","rinatney"
"","gabrielsond"
"Any Giraffe Around ;)","AndyBVBsGiraffe"
"Africa My heaven, RSA","MashayabhuqeG4"
"dihatimu aje deh .","iichaapf"
"ÜT:  6.186356,106.77865","tommypanji"
"Vanilla Twilight","tinjupegasus"
"ÜT:  6.226172,106.947094","senarsyd"
"Everywhere I Wish =]","ChellArchie"
"","Phireside"
"ÜT:  6.282359,107.168195","felysianurul"
"","KGertsen"
"Swagging with Justin","BieberNaps"
"","postpainting"
"40°44 54.36 N 73°59 8.5 W","Tonershawty"
"  Outerspace, Earth.","vanillabiscuits"
"","BestBlogPosts"
"","IggyMeansHeroin"
"atl babyyy","dschweinbeck"
"","PrettyGurlAlex"
"follow me n find out ;)","CynthiaRickys37"
"","WNDUDesk"
"","dannyscherer"
"","wtlistings"
"","TheBiebernator1"
"","juandeep1911"
"Last house on the left","LadyNatz345"
"","oraleb"
"ÜT: 10.476583, 66.95235","annagvr"
"","mazdamotor"
"","kirstylynnkelly"
"Virtual Tonga","planettonga"
"","NewAndroidApps"
"Super Junior s backstage","felysoo"
"WhereTheWildThingsAre","LoSocialite"
"","AITNews"
"","prophecydude1"
"","muhammaghani"
"beatn my tweet!","gradellz"
"","xellielliellie"
"","saadmirna"
"Aint no tellin","IGoGreene"
"With my bestfriend Mariah",3232113
"","sexciifabby08"
"","Grimsley02"
"Under A Stealth Box","Diggstradamus"
"","bluesunbelt"
"Pretty Girl, World","PrettyTwiggy"
"","AmandaOnlyone"
"","rahulnayee"
"","jhf5"
"","JelleGustav"
"","janakanthablog"
"In Your Closet","BrieeTooCool"
"hotel yorba","MyFlashDelirium"
"","LaurenChoco"
"","SituationReport"
"","BIGLEE97"
"Always flying somewhere","BritSHARDAE"
"","esuttie369"
"ÜT:  6.16774,106.767672","juliatamiishak"
"Deep in the grace of God","UNfamiliarLove"
"","NoHeartNoTrust"
"Always on the move..","AngelSupastar"
"","TianaRaymond"
"","itsbrittneyYUP"
"","shifaa786"
"Swagsville","BigDash3x"
"","HaleyAHart"
"Having Adventure Time ;)","MiJoi"
"Calibby(;","slove19"
"Bikini Bottom. Jealous","jbiebzroks"
"","arentweclever"
"","ShirleyCee"
"","RavenLejai"
"","Leviner86"
"","PrettyassAsiaD"
"","hollyholl"
"","DanMcCain"
"Where There s Smoke","DJDevinstation"
"","VanessaVazquez"
"","ladygom"
"Hunnit Block","GospelRell"
"","frilldora"
"aka SpongeBob","NinoESPN"
"Far Beyond The clouds","nevaeh816"
"Right behind you. Nice Ass!","AssGazer"
"           .","BieberUSAFever"
"In the World but not of it","Bernieism"
"Where magic happens.","Christianity"
"","JayyDuhhhhh"
"","jabbaBrim"
"","iamkylej"
"L.A. Baby,Bieberworld","ThatsSoJober"
"","NicolleDuke"
"","MrsIpstenu"
"Somewhere in Wonderland","xCelinaLuvzJDB"
"OUT OF THiS WORlD HOE. =)","ashmoceo"
"","MoReyes"
"","irenyofirene"
"Nerds Eye View","TheLastJ"
"","Shuyinisawesome"
"","apiwmunks"
"Milky Way Galaxy","Ohayabieber"
"Where I want to be","83prototype"
110111001101111,"DragonYeti"
"","DawnRaeMiller"
"My Retro Jordans.","McFlyDelFresco"
"Netherlands, home by the sea","Tiuri503"
"","PimpMastaBex"
"High Standards","CaptainPopSet"
"Wherever life takes Visa","Jorgeeliasmusa"
"","OneLiberalGirl"
"","narciscalvet"
"","ReadyAyeReady"
"Mizzippi!","TraceOverlook"
"","iflynavyrss"
"With the wolfpack","Nessaissofresha"
"Norn Iron.","emilyforan"
"ÜT:  6.214363,106.855739","RifqiTySam"
"In A Musical Asylum","CamboOnlySound"
"New Jersey...where else","joannakmc"
"","JaeB"
"WHERE DA MONEY AT ZOECOUNTY","AIRMAXKIDD"
"","NatyCMatos"
"Everywhere you are...","TheJeffinator"
"ÜT:  6.198713,106.659674","amandaeref"
"","DeeCoded"
"In biebs heart","keshhhhha"
"Prolly right beside you","CHERRYPAKSHAWTY"
"","dahnigrrrrl"
"","bethlovejedward"
"","JanaCorrie"
"","RayFryer"
"My Good Ol Kentucky Home","NeeezyBabee"
"","ChicagoWinds"
"","jacquin17"
"","mascharf"
"","NiqDDiq"
"around the world and back.","toky0martian"
"MONEAKS LAND BYOTCH","PEACELoveKIMBRO"
"Outchea, USA","CrashSkywalker"
"Iwishanigga Woods","PaperPurpNpussy"
"","thatsprofound"
"","AnniaOdile"
"","AubreyX2"
"","alisonmanner"
"somewhere grabbin  ass","CaliforNayy"
"","iknbrgr"
"","fxtommy"
"","AlwaysReading"
"ÜT:  6.907786,107.608759","novitaarimbawa"
"","Paomeister"
"twitter paradise","svabsays"
"","Storyful"
"United of Bieber","callistarawr"
"Watch your fridge!","RizkyNasution"
"","ITPCglobal"
"WSSU... jus coolin.","NotUrAvrgNikki"
"smoking mary wit monroe!","imustbeESCObars"
"","lindieface"
"Minnesnowta","blondiechic0"
"en la lleca","stephskyhigh"
"","yjewelry"
"KGN, JA   MoBay JA.","NixxNaxx"
"Luhlvulle Kae Why","MsKaeBoo"
"iPhone: 0.000000,0.000000","machoTITO1"
"","lilcherrie"
"","Pappolis"
"","MeganMartinez93"
"With Justin Bieber ;)","May2ndBIEBER"
"","Liftedhooligan"
"","DaPhireMan"
"Behind You :)","NayLovesStripes"
"","theLondonLink1"
"somewhere in time&space","Partyspacer"
"","Music33me"
"","LoluEK"
"","Rexanee"
"ÜT:  6.258509,106.859243","dennyintimider"
"","Mirchi9"
"","stephaniekutny"
"","GarrettTP"
"","kaygeeuk"
"Where you tryna be","DRiles"
"","dragus1913"
"Shady s bed ;) u mad","Eminemma321"
"","AstoldbySua"
"born NY,live C A L I bby! [=","lEXXISvT18"
"336, 704,","CLoud94EveR"
"Da City;; 704   We Da Best","HerKiCKzFlyy"
"34° 4  52  N,118° 10  36.98  W","ELHUEV0"
"","Mogga16"
"EveryWhere u Need 2 Be","PoloP15"
"ÜT: 34.79313, 77.372988","TRANQUILITY9"
"where they make gumbo at","iAmEyeKandee"
"","mediachristian4"
"","missglamaras"
"Qatar oh beautiful Qatar  .","maithany"
"dihati mama","lediw"
"","FLchick0303"
"HollyRouge","BaDAxS"
"Gosnold In  Alchemy","curgalff"
"","lelaoztrk"
"","XtinaAJ"
"36states Of somewhere","Ifelonge"
"","sportschamps"
"","KyleTexas"
"on the ground pounding","brboent"
"hiding in your cupboard o.O","magicChick7"
"","footballfeast"
"","BelieberIsland6"
"Nation of pinkslam","TeamMinajtx"
"","dramebaaz"
"","JavaJayCH"
"","NikkiWinsDuhh"
"","IsraelDrive"
"","heartosky"
"","arsetyoandra"
"iRUN.ATL","iAMPRiNCETON"
"ÜT:  6.327368,106.857169","tutituit"
"following god","ndySOunchained"
"ÜT:  6.310441,106.794912","lookmanhadi"
"","blunatique"
"fuckingham palace.","andeinerseite"
"ÜT:  6.257195,106.808779","zennysatriano"
"","NisahSayangKamu"
"your doormat","deasusilo"
"","ashtynmckenzie"
"","HaideeGrant"
"Planet Jedward","EllieFletch"
"7sixohh","IceSmokeAlota"
"Pinkland","thickinpink"
"#DMV baby!","kshortyy"
"","ThatGuyJC"
"","DemiseDemise"
"","LEaguEOfHisOwN"
"","SomeBloom"
"six 1 faux, biiitch!","alyssasamazing"
"","itssdiana"
"","twixierobinson"
"N 35°1  0   / W 80°58  0","laxdadcrutch"
"poluting areas","MaryJaneLovee"
"in your thoughts","xlovelydreax"
"","JuicyBoutin"
"BCKzooMSU","WhoTheCuss"
"","lizzypilcher"
"","jeddybernales"
"schizocosmos","667m"
"HoustonLantaFortWayne","JMoney24314"
"","WhatsHotTopics"
"Bieberworld","MarthineBieber"
"Wad Zitto Ya","SillyAzi"
"Between Venus & Mars","JodygoneBwell"
"your mum s pants.","voiceout"
"","curiositiesnow"
"In a pair of Air Jordan s","FlyKicksCecil"
"","MilaAnoek"
"Don t mess with Texas!","fafinetteXO"
"","BamaAlum97"
"Narpas","frankskye"
"#MiamiLove","AdRianneAdGe"
"","immattcore"
"","ToniDwan"
"Interwebs","thelibrarynews"
"Hell de Janeiro","LizzTizz"
"Somewhere out there.","xmorgobruno"
"","arod714"
"","GreensboroLife"
"Str8 out my mama belly","SeeMore2BeMore"
"Radiohead","Manders501"
"","Gynagreen18"
"sville dubv","h3athcliffL4L"
"hell on earth","AlexGraves1985"
"","MsAwe"
"Lost In the Supermarket","DryVic"
"W/ YO DADDY","Jazminewithaz"
"Wonderland, far far away.","prettyscars"
"Madaraki Mansion","nadealtair"
"","kureiayui"
"","WrestlinDiamond"
"51°30 35.68N,  0° 7 51.63W","rupinjapan"
"Where everybody knows ur name","jsabrins"
"ÜT:  6.199672,106.886631","gounzeau"
"","bodieeen"
"in dee ahhh :)","LilPino24"
"","PhillyHyman"
"Where you least expect me","Chaelu"
"","isaaclovesmusic"
"","gitasihite"
"","ShelbiSullivan"
"http://yellowgrapes.tumblr.com","misboxie"
"ÜT:  6.25712,106.937473","indhitamelia"
" OnTheCloudsWithTheStars","Epihk"
"Provonot P Town or The 801.","gimgimno"
"","jabzbunz"
"Right where you want me","cksetiawan"
"ÜT:  6.200614,106.792116","imamcharomaen"
"ÜT:  6.195546,106.85044","nmkarimz"
"","lovestamara"
"Beyond the stars","Xkywalker"
"","GossipStones"
"ÜT:  6.21,106.813571","gicellaNP"
"","tashpalo"
"","berfrois"
"","rebeccahkl"
"","rupertbebare"
"Murrrlannnn .","AmandaTheBoss69"
"Conexão Petrópolis BH","Lucaishsutter"
"","Deaindy"
"","ohgodyouspilled"
"St. Thomas via DMV","LolliARozay"
"","t8inew"
"","richardleekl"
"Currently in your Mind","yanitaapplebaum"
"Space, the final frontier...","TrekTrivia"
"beneath my bangs","leeessoriano"
"","justtmel"
"ÜT:  6.279692,107.011674","bellasinaga"
"    /","SSSdenise"
"ÜT:  6.314383,106.823629","ar13fdunx"
"","bloomfy"
"Paristuba","elifarmacia"
"Wherever I need to Be","ChinoSSENT"
"West Philly born and raised!","BDG2F"
"","Quell8"
"Under Yo Bed","TheRealMugged1"
"","Joycelyn814"
"","mj123451"
"","JosHBoiO"
"","dosuno54"
"","AGlamourCHiick"
"Somewhere I can t stand.","jordannnicolee"
"","NikkiEvaa"
"","GoldynLoves"
"in this Universe!!!!!!!!","J23HEZZY"
"","kaytootight"
"","Eagleisis"
"","VALERWHEEXD"
"","TiiTTyGODDESS"
"RDU/NCCU","TrendingSince85"
"In my mystical castle","JagRuz"
"","StudentsCloud"
"St.Louis.Mo/CHI TOWN HOE","BoysLoveBD"
"N.Dallas|Arlington|Africa","ktmagicman"
"","laphako"
"pwt ajagh","lynnaQ"
"ÜT:  6.904161,107.611886","nining1501"
"","normamanz"
"","Shakabasenji"
"Unicornland ; lil dot.","Saabbyyyy"
"","inhwan"
"..Wea eva I wan na be...","MzFree2BMe"
"","JoeBro2300"
"Everywhere always.","AaronDelays"
"","BLOWE"
"In your mama s bed,","jocelynnnn"
"","dhdoxey"
"ÜT:  6.37216,106.846189","abram20flip"
"","DellMichaels"
"","ZohiixC"
"Riding the ENORMOUS SHLONG","sheaintSARAH"
"","mitchbattros"
"Finding myself again...","BreeJohnson"
"Beside YoU  n Make U Smile","acousticaui"
"","samuelriandi"
"Between ur girls legs","FPDaBo55"
"","eastcoastdog"
"Allah s Planet","missaugust93"
"Your Moms House Bxtch","iNIECEBOO"
"nofollowbacksland.","adorezayn"
" DMP aja dah :D","shanyarhefanie"
"in the realm of your mind","jelenmara"
"In ur nightmares","BelZhag0tH"
"Ja  Trini  CT  D(M)V","SSHNiNi"
"st.louis born and raised!","GodsSon87db"
"your females condooo","EuropesHighest"
"","dogpottytrain"
"","dylan085"
"","Modibear"
"Check your google map","teevhybe"
"","TINKERS17"
"Rooster Coop","UncleSterlz"
"","monicabynature"
"not in THIS world","MaMamarijuana"
"","EoinH"
"","sportshoodies"
"","TheGubna"
"","charissasiscaa"
"Inyomailboxbiatch...huh","sarashutterbox"
"In Ya Subconscience","ID4MUSIC"
"","ikhsansanjaya"
"somewhere bein a grandie. !","neekyneave"
"inside my house","pamelasia"
"","kryiesenth7ken2"
"","jacel15elf"
"wherever I want to be","NoonArabia"
"Shit d On Em Ave","ShesSoGONE"
"","HAPPENINGS1NOW"
"I ll get back to you later.","Savenico"
"ÜT:  6.240877,106.625279","SirAlung"
"nfdb","AkkineniRockz"
"Yogurt and Socks Man","davemoules"
"","TUNNIDGE"
"","Mykey28"
"H.P, Q.C","SoLoLoko"
"Schwedän (aka Sweden)","imTeamStew"
"","atxgui"
"Choppersville, USA","IamChopZiLLa"
"","ASNNews"
"","MarkBBaerEsq"
"The Land Of Grunge (LOL)","queengasoline"
"Here But My Heart Is There","LeleBunny"
"inner T.E.A.R.","XxOhMyLovexX"
"","JobMarketBlog"
"The Dee Dot Cee","EpicLove"
"*Between Heaven && Hell*","thekoolkiddash"
"","atqiyong"
"","Sk8Psi"
"ÜT:  5.112457,119.437586","haifaaah"
"","feliciadamlubz"
"","ruthaplin"
"","kapimo"
"Rhoon  ||  The Dutch Empire","moiadam"
"","nadvoss"
"Where you want to be..","MzAuthority"
"Ya Girls Top 8 on Myspace","MrTenaha"
"","KelseyMillican1"
"","reedSalesJobs"
"","tomkat51"
"haüs of GAGA","CallMeMontan"
"Cap City(Sac)","JusBeasty"
"Ahead of you","TrevDaDev"
"not too far away","justice4maddie"
"where ever my JET land","MyNiggahJustin"
"In Your Bed.","Molokoooo1996"
"","MercedSunStar"
"Not where you d expect.","vicster"
"Everywhere you want to be","MsStephRenee"
"Over 40 Countries","ClubShrinkIt"
"","juliaaberger"
"","amcsamar"
"","OhSoConfident"
"Caleb s Red Voluptuous hair","SarahBudd"
"","JojoBunts36"
"","orwellski"
"Wherever U want me to b","luvloyalt"
"","thericepad"
"","enOeciD"
"Exactly where I need to be","LockJohnson"
"In your non existent bra.","Anitatoz"
"","ghosttofyou"
"            .","DazzlingBieber"
"","valenn"
"","ToReignInHell"
"","shoegays"
"","StaP"
"ÜT: 53.47617, 2.2436","ashraf0003"
"The Khalifa s state","MsZanga"
"","TheLADenise"
"","DanTheLoung"
"","bieberbri2011"
"","CharleePetrova"
"","tkinman"
"everywhere & nowhere","NiceGuyAnt"
"North Kahh cuhhh lak EEE","ZebraCLITbitch"
"Ask Justin ;)","SmilesforBiebs"
"","ciaramartinn"
"","PRINCESSHAYANA"
"LasGidi, Nigeria","Jidsterr"
"Beside you in time.","Lolibucket"
"","CRepetti"
"","dchaylene"
"","biskethead246"
"","ParkerCressley"
"Mobile Twitter","YeahhMarcFly"
"In my mind &heart","joceeezy"
"ÜT:  5.433537,105.326925","UANahmad"
"muh chicken coot!","PaRTeaCHiiK"
"","FantasySportal"
"everywhere, Earth","ismikartika"
"Behind You","ThaKidBoye"
"","tiaTWOtimes"
"","RAFISC71"
"","theadamjolly"
"Pariaman~bandung","cianasta"
"","nolaurie"
"","Rishavmehta"
"Underneath a Mango Tree :)","savyferns"
"under the skyline","ketchupasin"
"Timika Golden City","notetwituitren"
"Isra hell","Ofirabe"
"","Jo2985"
"  BEIBER S HEART   =DDDD","AgrimaLovesJB"
"BTW ALABAMA&FLORIDA","ObviousBeauti"
"","EpicMimixD"
"Shittin on ya niggas","BJFacts"
"The DMV   Miami   GLOBAL","BigTiggerShow"
"On Your Timeline","HeCallMeBlack"
"weed&seed community","AlPurpington"
"","MJalilx"
"","AlyssaShamiram"
"ChiTown & Minnesota Suburbs","ADrsPersona"
"Outter Space (D)MV","IAmMsStar"
"Dont Worry About It...","SweetJonesDula"
"","cmci1"
"","xpeanutgalleryx"
"ÜT:  7.305511,112.818561","astarifirina"
"","G4SSport"
"ÜT: 53.838742, 1.767697","dresserman"
"From Over There","Eldeg14"
"kuwait/somewhere only we know","Fa6oum"
"","sec1stop"
"With the orphan child.","tweets4peace"
"UK/Croatia/World","Sourceimages"
"","yemabdulhamid"
"","Truvy264"
"BR TO DHA 5 0 4","KiLLAHKEEDY"
"","Mcvk1"
"","ClayYoder"
"Flyy Guy University","killakel12"
"","EEynon"
"Where the Wild Things Are","SAYcarine"
"Cloud 9 neworleans","hoeslovequel"
"","wildcardkitty"
"","RobbDinero"
"ÜT: 53.171555, 1.249586","IamaBellend"
"Woman Designer Shoes","ladydesignshoes"
"lefrak, queens southside","turnpikedot"
"kushifornia","BradAveKnown"
"","kuuipodinda"
"","Carlie77Marie"
"","WhoaitsAmanda"
"","CarolynHeart"
"Middle of Your Dream","ruthbeckett"
"","Riikc"
"ÜT:  6.222477,106.858066","acilz135"
"Here & Now, Then & Later","BlackCanseco"
"","Toniball24"
"","keanannys"
"/usr/geekpobre bot","geekpobre"
"Pearl of the Orient Seas","choihitomikana"
"","sunbrother"
"In my beautiful skin...","KapriceClassic"
"ÜT:  6.192855,106.86504","Farichach"
"Joe s Sex","kellseyjonas"
"Ahead of you bitches .","TweetThatBitch"
"","Aureha"
"","TheSeeker92"
"","LimestoneTitle"
"RIGHT on the end of yo block","JSDotDRAMA"
"Everywhere and nowhere","stepoutofline"
"","GoLovatoMez"
"","DisNiggaJaiJai"
"under your sisters bed","BlesT206"
"Probably at a bar.","cbebruno"
"","IamRJBerger"
"Money is the motivation ","Drama51"
"In the Style Lab","AbsoluteFabAj"
"","Shelbiebs13"
"Outchea in your local hood.","PhinTastik"
"","BrianMFloyd"
"","MiklosBarath"
"earth,asia,indonesia,bekasii","naranabil"
"Las Gidi","PretyBoiJonath"
"","gourev"
"","vhanzsp"
"","LoLawliet"
"Ice Tooth Cave","mrex"
"","LimblessCarpet"
"","LivingLAVITA"
"da bayou","bbriannaa"
"","lipedeia"
"UK/US   and between!","MichaelMada"
"Converse/Cortez ova J s, LA","Keyera"
"","joelbravado"
"","SecretPink"
"","Ssteinl1"
"","urijabes"
"","ernnalunazriel"
"","haroldadon"
"Antiquisia","TweetOracle"
"SING A PORE! :D","chordevans"
"Worldwide baby!","TheRealSirRay"
"","courtneylo"
"","sarahstrummer"
"","KayleneWest"
"surf sun and fun","aus1982"
"   .            ,","burnburn"
"","asktwitqa"
"Here, there and everywhere","Pwns4you"
"Liverpool FC is everywhere!","AnfieldTalk"
"","bensmithTimes"
"dark holes","scoot2plane"
"Imma be where im at","Jburns85"
"Earth Karolina South","iSEEuHATIN"
"Cleveland*Tuscaloosa*Bham","GoHam59"
"","Kayybaybay"
"","giomunguia"
"","LinnyK"
"To be anounced","romanhn8"
"in hnf mind","Lilindsay"
"","shutupno1cares"
"","Superkongen"
"Moonland, Everywhere","Reinaluna"
"dancin  atop a lemon muffin","Bupmint"
"Respect.Loyalty.Honesty","MsAkinnuoye"
"","OUPSecondaryEng"
"ÜT:  6.240016,106.850387","tommyLEGNA"
"","juansinaloa"
"bekasii . new hopee","rikymogypogy"
"","PRETIEYEGURL"
"ya momma s kitchen","UrCaptSpeaking"
"","XoXoRo"
"The dark place behind the hill","PaulAbel"
"la di da di land","EssysWorld"
"","CareLessJOOSEmo"
"","Hurricanernesto"
"","rdjfilmguide"
"Poland/ UK/ Japan","LEMONed382"
"Globalways","akrockefeller"
"On my throne.","AndreahMan"
"","KatieCruel"
"utaaaaah!","biebfeverSWAG"
"","Evanindita"
"","MISTAPUMPA"
"","jellainepauline"
"","IkeKingofLA"
"the fuck outta dodge","sartorialbee"
"","naturegurl"
"","brookemeins"
"","ayoutasofiyaa"
"The Fact Bunker","WeAreFact"
"Lasgidi","tobiotesile"
"","ONLYIFSHEWET"
"www.kofoalimi.blogspot.com","imkofosleek"
"","tintanii"
"","affexone"
"Wherever news breaks","ABSCBNMobile"
"","kennyeway"
"","ThomasAyres"
"This Planet","MouridBarghouti"
"","scarredskins"
"","HARTJExINES"
"Abyss, Ok","BigDavePRP"
"","oopsieee"
"","mikeebee7"
"AnOddPlace","SINcereLae"
"","atross0125"
"","Autlog"
"","PeaceLoveJudy"
"The Dark Side of the Moon","CauseImEric"
"The looney bin","CleverName24"
"","bucki828"
"#D[M]V Baybee :)","RissyRissCeline"
":)","chickenluvr"
"Htwn, Tx #House0fH00ps","shanNOHo"
"Just a tweet away...","DiamondFIERCE"
"","apfmh"
"yo momma house..","CallmeJames"
"CoMo Mizzzzzzzou","TeamBushInator"
"","spokenword32"
"","JBIIM"
"laid up w/mytrade/N.O","TRADEndMUNAY"
"rIgHt nExT tO YOU","dXclSiveCherry"
"","someareangels"
"","icollectdeals"
"","ModerateTweeter"
"Battleon, Lore","BlakeDonAQW"
"","Eunheelia"
"","ZFRL"
"","akyuvi"
"","celcelvalencia"
"","143wifeyXtina"
"Mnl, Phil","katmarbella"
"","iamfroda"
"Outchea","JetLyfe24"
"","nyrealestatelaw"
"","myCheriamor"
"Inscribed in God s palm.","iamadetona"
"In Da Chicken","TweetinAzTwigga"
"","victorgiuliano"
"","NattieBoy"
"","247JLecciaNews"
"ExpresNt","ExpresNt"
"ÜT:  7.00707,107.613708","nazerzulkifli"
"Up your ass .","Talkboutawesome"
"world of warcraft land.","GhadaMR"
"#TEAMFOLLOWBACK","PrimoDonna"
"RIgHt bEhiNd yHu","MzDebyBaby"
"","bollywoodji"
"From Orange to Dade County","Chanellex0"
"From the Westside with Love","suzaniscool"
"LaYiN oN tHe BeAcH","HunzeyComb26"
"","TripCheckOR217"
"","xueyongg"
"","munir005"
"Everywhere I go","Daniqueth"
"Tweedyland","clairloveschez"
"","dbasex"
"","NekoCase"
"","MikaaEstupinan"
"","omgwtfbbqbeau"
"","Hema01050"
" California Dreaming","LiveLoveNIKKI"
"WHERE EVER THERES NEWS","AWWMANNET"
"Malaysiaaaaa","anneazrn"
"UT.  6.3864095,207.87764","yolindaainipar"
"Fantasy Football!","UCantBeatMe"
"","FuckVoldemort"
"","IICKYVICKY"
"Californacation","BlazeoneJohnny"
"","TheBestPatrick"
"where there is music...","VISH199"
"","metzli24"
"in your timeline :D","chelsychelsoy"
"","anishamid"
"","samir7671"
"","MJaya"
"In the presence of royalty","Proverbs3126"
"Sitting in his Nowhere land","dographer"
"FUCKING DUNGEONS OF RAP","WOLFGANGKILLHIM"
"","tennissavesme"
"[D+M]V|UMES","DamnBria"
"904 tooooo 757","HEARTbreakSTAT"
"wherever you want me to be","VickyDaDon"
"Right where I m meant to be.","TheEdot"
"","lastnamegirl"
"","ToniGal"
"come find me","CALLMEEBO"
"","Nickmadd25"
"","xindianbarbie"
" 2.177528, 79.89599","anapaulacb"
"Inside your cornflakes box.","kmbt19"
"","NHLWinnipeg"
"The home of bundles","Porcheboxx"
"","arrywendie"
"","iMashh"
"24hrs from Greatness","TeflonDonFlocka"
"my universe.. oh and d[m]v","MrsKellyDGAF"
"","lloydjamierson"
"","Y0UJ0CKJADEN"
"iPhone: 0.000000,0.000000","rgesthuizen"
"You know where im at","ALDRINbruh"
"","guidegroup"
"Nigeriarlingtech","NeziFuFuSwag"
"","monochromist"
"","KrissyWasHere"
"ÜT:  5.389057,105.279458","ariefCacing15"
"Stacking papers!","antoniahallrock"
"","TiaaMariee"
"","MonaLot"
"somewhere you ll never be","BellBivDevon"
"in a YMCMB hoodie .","BieberAchieve"
"FunkyTown","mariafarida"
"Hoop Grindin from KC","StraitG"
"","steftoso"
"","msechaba"
"","TheHeadlinePost"
"Everywhere you wanna be","JamesPSoyez"
"888.420.5115","realestatedk"
"  Always keep the faith","AuyCassiopeia"
"Where there is music.","RosaSeumanutafa"
"  of my baby boo","LULUNIAR"
"ÜT:  7.297021,112.743581","SSHIEN"
"And I ll take it there","SARAHbKillinEm"
"","MakeUrOwnTshirt"
"wherever the money is","MrIdoAFewThings"
"biside my guitar","widanaMD"
"","dizzyque09"
"Find me, if you can.","angelaquino"
"hihihi","belleofdball"
"","Jennneeyy"
"iPhone: 0.000000,0.000000","spguk"
"","YourAverageBen"
"","TweetAFic"
"Lasgidi...","opx64"
"","MsKelzcole"
"manchestaaaaaaa","kimmiesweets"
"A Pale Blue Dot","SerendipitySays"
"BUILDING A ROMANS EMPIRE","sparkythatruth"
"","jiddeh"
"In my own Diddybop Cock world","Choc402"
"","misterstlouis"
"Americaaaa","justinbsgirl"
"","Ichaajuice"
"","Bd0tJonEz"
"Star Command","MrSHOWOUT860"
"ÜT:  6.97552,107.562467","zeettuit"
"  Swagville baby!","imclaireyesican"
"ÜT: 53.872672, 1.8877","dabrown1989"
"","InnaOddie"
"","haba1010"
"","zakkmoreno4L"
"","yogipii"
"","mrst43"
"","friendfeedr"
"","KhanyisaKN"
"Stuffing Jars & Racing Cars","ChuckTayz"
"","icypenguin117"
"","Msyoki131"
"","markwant"
"","IttyBittyLovee"
"Looking at a screen.","MeestorMEH"
"","FISHANIMAL"
"Depends... I   traveling","CBlue718"
"","PatWill66"
"","KiSSmyWiGGlE"
"","topGbitch"
"","yourgolfsource"
"out, enjoying life.","ashleyDUHH"
"In yo pantiesss biotch!","FreshPriince"
"","FatBoyJus"
"","aSteelMagnolia"
"","icman55"
"On the Road to Success","LUVL1FE"
"Wherever you want me to be","MsAshweezy"
"Kirigakure no Sato.","obiwankeemeezy"
"","Nurafniafni"
"","lesleyanneh"
"","simplycharu"
"","NaNyheter"
"","hyman5000"
"In your mom s house.","mglees133"
"Dillii","sakshisharma323"
"","GOFARAR"
"","bullpubbs"
"","WyvernStamps"
"Wherever i wanna be","BillySexyBoy"
"Here  919 & There  336","lovelatrice"
"Pathway to Success/DMV","RareGem15"
"","marleosim"
"","PhillipMolyneux"
"","CoreyWilliams22"
"wea dey make gumbo at","BOWSnDIMPLES"
"","Jonyboy6"
"in my dreams, the Bahamas!","Teach4052"
"purple Boradori","boradori0906"
"My bed !!","BrodySanchez"
"","neonanswer"
"ÜT:  6.922889,107.594761","attie1909"
10304.0,"OGOG"
"Pineapple under the Sea","mysticalair"
"#YesThatsSoTrue","YesThatsSoTrue"
"","KimberlyHofmans"
"","imseankon"
"N 42°31  0   / W 113°46  0","waterNdirt"
"BieberTopia","ThatSoBieber"
"","maaairigrant"
"Hammond like a Muhfugga","TellItToMy9"
"Where amazing happens","msSarahBrooke"
"","MARIADAHVANA"
"","merrymacdaddy"
"SKY HIGH ..No Lie","KhalaeliahStarr"
"ChimCity","AloudSoldier"
"","victoriaalisia"
"","7DaysCaribbean"
"","Todayseasy991"
"","HungryForChrist"
"houstonlantavegas...","ulistenITweet"
"GDTOP s room","Gvonnn"
"","sitorusrico"
"aywhere yu aint","FlatbushzOWn"
"eye follows the winding river","LadiAnkh"
"","DropDeadDaphnie"
"NEVERLAND WONDELRAND","itsgracerobles"
"Pursuit of happiness","lekanadio"
"ÜT:  6.86177,107.537103","yosiachristi"
"Houstaustinvegas","dtdinh"
"Zea mays land~","Callmessha"
"Your Royal Anus","lauraforeverxx"
"","maridaganmari"
"Principality of Mabledon","owenblackhurst"
"  SMASHBLAST SELALU","ShellandryTan"
"My skin/I jump out/U jump in","writeli"
"","chellibobs"
"Outside my mind.","AyoCoopTOSO"
"","HeiseL"
"","Youngdizzle478"
"Jerzy Philly Bmore","DevGotti"
"Hakurei Shrine","ReimuHakurei"
"ODDFUTURE.COM","DamierGenesis"
"Here! There!! Everywhere!!!","Ayzed101"
"WESTPALMBEACH.CAMEROON.WORLD","RODDYKSWAGG"
"","YOstephieee"
"","annecoursey96"
"","bkdoyle"
"Behind your back! O O","fanniaani"
"dimana para ALIEMERZ ngumpul..","PYogaP"
"","Zakarelol"
"ÜT:  6.180806,106.847315","Jogialfonsus"
"","LimsWebForum"
"A Very Green Place","fuckmiyagi"
"Some were out chea","GreenteaDEE"
"","syantami"
"","Rabbicrackers"
"","rudsonh7"
"Kul Tiras   Horde","Asros"
"One step away from losing it","TeamGladney"
"floating in space","ilexwashere"
"","justpipertoo"
"In a heart shaped box","SweetBieberTime"
"Naírofi. Kenya","kasonificent"
"","Iseabarongo"
"","WooWhoo"
"RICH Wat....Richmond","iShaadP"
"Livin my life !","DefiNeNSANITY"
"The UnThinkable  MWAH!!","GottaLoveLeo23"
"Everywhere the money is","MadeManMitch"
"","neighbor34"
"","yegiww"
"","eiileeeen"
"ÜT:  6.196815,106.80022","nurulafiati"
"","IamTHEdrizzyFAN"
"","kitten33333"
"In my sweetdreams&dreamland","justgitaws"
"","MLMLeads4YOU"
"sunny mellon charles","crispybear1"
"","FaisalAkbaar"
"","cofash0"
"tweetin  from a Tree","WoodStock52"
"GUMPTOWN","GIZMOSHAWTY"
"","betloo"
"depositing these checks","tmac6115"
"In your heart, on your mind","TheLadyMuse"
"ÜT:  6.285305,106.603951","hellomalla"
"","Armymiddleclass"
"","Jaxson222"
"","zombiewine"
"By his side =D","LoveSaydii"
"I live where the sky ends.","clevaclark"
"In My Beautiful Dream","1800fuckyou"
"Gangsta s Paradise","MikeyMcFlyy"
"...Go anywhere that water go","YSLBred305"
"","MarjoleinSmienk"
"","cheyenneeLA"
"Biebers Bed ;)","BeckyBieberTW"
"","DeviAprian"
"","ryancaesarly"
"londyyyy","mayanadd"
"","24HFOCUS"
"beside Siva Kaneswaran","pinkyukijam"
"","eevilabby"
"","Sullynettemv"
"","zombiezune"
"My Skin, USA","skyekid86"
"","identd"
"RockVegas, MD","adrocknaphobia"
"","coolaid0"
"","FeralCRUSH"
"","onelogos"
"","siskanurifah"
"the box to the left.","ShawnLooney"
"Lost in my head","windameilani"
"ÜT:  6.972796,107.66968","dheatirtoputri"
"somewhere close to you","alcapoco"
"Happy lovely land","march16ella"
"","AndyJwilkins"
"","ohstuffandfluff"
"ÜT:  6.217081,106.939752","tanianew"
"Life@Ratchada Condominium BKK","Poppie0625"
"  around my kidiw","nisyaniss"
"ÜT:  7.057349,110.441152","faramadeus"
"","Sorahurley07"
"","brendadrake"
"Astons Bedroom","EllieAstonJLS"
"","jaclynmareee"
"","niyashaperera"
"OUTT  SP CE","FROZENBIEBER"
"ÜT:  6.224674,106.941197","nitairbawantie"
"Inside him.","GEYUN"
"","Ichiaeung"
"","DoloTheBandit"
"15 Swag Road, Swaggville.","bumblebieb"
"","KaylaGeeTastic"
"","NonNativeJaryn"
"","AMariaC"
"","dominicvictor"
"313 Born 623 Located.","YoFucknUncleP"
" ProLLy in da Clouds","FlyAssHigHGurL"
"on the LORD s right HAND!!!","illestWilson"
"En un lugar a la vez","ChelitaBi2"
"","aanalee"
"RMX. con menos insectos","goliveros"
"","Marielizardi"
"Pit stop Away from #GREATNESS","JoliLovee"
"Ur Heart,Premadesam","ArunAshadow"
"","martstudz"
"","houghzinger07"
"","Pmilind"
"","raulnati03"
"","StarlightLovato"
"By the river of Babylon","tengkusharmizi"
"ÜT:  6.42831,107.949874","dudu2rif"
"2.18.21.13 , The Land of Mixup","MBossyDC"
"","snowdropyk3"
"","jcrussell"
"","MattDalzell"
"","RayRaaaaay"
"DMV; Neon Valley Street.","AshaToAshes"
"50 Steps Ahead Of You","DJInkedUP"
"bawah langit lapis pertama","winyuk"
"Where Beauty Belongs","SomStarz"
"","iBelieb4ever"
"","SWOfNowhere"
"","kimmons1"
"ÜT:  6.158254,106.841519","dewiaknia"
"^elevated but levitated~","Killuminati"
"Wish a nigga woods.","imotheredUhoes"
"ÜT:  7.218753,107.907931","HottestTaufik"
"yang ada tukang rokonya","sharreeee"
"","wannabezz"
"","KatyMagreat"
"","Bovansmo"
"","TrentBury"
"","simplyanika"
"","Gal133"
"","TroyDizzle"
"","ThomasGParisi"
"","williambneal"
"Funktana :D","SarahiMcgee"
"","LadiDon7"
"InJustinBieber sHeart","YowItsAngel"
"Houstatlantavegas . .","LongLiveBoogati"
"","sydneybaysden"
"Face down in Lil Wayne s lap","SexiBeki"
"","febyfsr"
"","preschoolgems"
"New England via Punjab","sohailstyle"
"","achioto"
"","rheaforman"
"","tornadoclass"
"","NewsBooth"
"","PatateVertigo"
"ÜT:  33.908087,18.416625","romy1512"
"ÜS: 4.319369,106.83502","joeniorjojo"
"Justin Biebers Dreams","belieb143"
"Under your bed :p","MreRobot"
"your boyfriends face","jadeandshit"
"The Money Vault","MoreMoneyHaz"
"Cruising Altitude","WillyBeamen40"
"DMV!!!! SAVAGE CITY!!!!","goodPOWHEEM"
"","sinfinia"
"","erininuganda"
"","StockTweeters"
"up and down slauson ave....","chuccenglish"
"","TWhitters"
"Omnipresente","histtem"
"Donghae s orange jacket","celineneji"
"","Gwarren333"
"","tychamp"
"ATL baby [is where i reside]","CJBiebers95"
"right there   :P","ItsMarisol"
"","dreamteamrc"
"Dirty Jersey","fckyes"
"man eater..","Breannaa"
"ÜT:  6.339066,106.755525","qwangkwang"
": ) a happy place over there","WoaDere0o"
"The N0000K","MirDaFish"
"  Verified Belieber","ItsKenzieYo"
"","danecheung"
"","SUPERSILLYSAM"
"","InsaneMumblings"
"","ss501facts"
"","LeaSp8"
"from da Bronx..be All Over","daWizrd"
"Pretty s La La Land","moneyNDshOes"
"","PalesaMotau"
"","OMGeeimfckedupp"
"","behdenardi"
"Pink Friday, Flockaveli","SEQUEMINI"
"Coming to a bar near you!","Hunterbeer"
"xStudio... #BBFYB Music!!!","YACHTboyP"
"","shawddymoshh"
"somewhere on your mind","MeMyselfNLisa"
"","youricho"
"twoOtwo/sehmfihsehm","IEatNii"
"","Vineshh"
"","patrickwkemper"
"","tpiotrowski"
"","vee4vixen"
"Bitch all in mines","JayUnoDadd"
"","IAmKing313"
"        ^^","Haeseidon"
"","SammyKayy"
"","eigoobterces"
"ÜT:  6.292392,106.874605","samiraihana"
"","FlanFlanShazam"
"","magglebutt"
"","elamesma"
"","amorevietato"
"","Metallica1084"
"","toppedwithhoney"
"","pinkylove129"
"","Markskt"
"","fanatictweets"
"Outlandish Royal","idaayuparamitha"
"With you in hell","yohannwahyu"
"","keekee"
"","kylejaffa"
"~QuotesWorld~","JazreelRawrYou"
"","GirlyRockinIt"
"Behind you dear..!!","andifilli"
"Cybertron.","ShawnIsANerd"
"In Your Lucid Dreams","FuckDolo"
"","WAKAJIN"
"in my snuggie","ph4tt"
"gettin greenbacks.","chawk1302"
"","tungtung7"
"","NanaSygg"
"","Lilz130"
"Unova Region","HowdyItsCloudy"
"  CeCe s World","DhatCeCe"
"","RadioUNOW"
"Trapped in Limbo","izzthetruth"
"Gettin  2 that [$(   )$]","iWillChaseCash"
"","AlexCocktails"
"Another Dimension","b0n7a"
"The Greener Side.","TreyDukes"
"wherever i wanna b","loveDESIREe"
"Right Behind You","xstnbx"
"","seekersdigest"
"¯  ( ) /¯","NishGottaTweet"
"","wiiauctions"
"","Luuukkkeee"
"SUGAR CANDY MOUNTAIN :P~","iHeartcolorRed"
"","hddrzl"
"ÜT:  7.784254, 110.317830","EnricoPW"
"On a plane ..Google me","SYoungBB"
"","SpuffyDelena"
"","cutestAshlee"
"aussieaussie.","iitsmariia"
"","GheibpulcheriA"
"Mzansi jikelele","NtsixBabe"
" Xiah Hearts","fckmezhoumi"
"","buzzybee16"
"ÜT:  6.356985,106.835256","keianisa"
"","Chuilingg"
"Somewhere Building a Brand","BWSC"
"On a spaceship getting head","Geronamo95"
"Las giddy","hautediva"
"FLO RIDA","bieberinvasionn"
"","Loooottje"
"","Tcal1420"
"","shhahid"
"Lost in my thoughts :)","Jmula"
"","spagnac"
"","itscharnice"
"Planet Weezy","MayBae91"
"Las bd gidi/9ja","molevito"
"","AliceNyong"
"who knows anymore","emmaweaver"
"ATX Shawwwwwtyyy","LegitTXBelieber"
"FROM CHI TOWN 2 FUNKY TOWN","julioFOE"
"hogwarts is my home.","claudajb"
"Where Eva Spotted","SwaggClassNAss"
"Deep beneath the skies","LeonCarreon"
"Planet Mars","Imoni08"
"ÜT:  6.283232,106.840087","shiragikuu"
"","monel11"
"East Legon....Gh....Earth :)","OriYoruba"
"rou reynolds crotch","nicolashikari"
"DeEp in my tHought","12pieceofme"
"","LapSam"
"","TheSuperBiebs"
"","juleslhoward"
"","voiceover42"
"Sin City (Hatfield) PTA","ZamaSand"
"","chanelleamy"
"QC where I be at","pureevil22"
"","yourmustseetv"
"I m Out Of This Planet","HoodedHarbinger"
"at ur Hart.......","mmazysworld"
"","ThePennant"
"on  Twitter ....... ahaahaa !","TUBeautifulRosa"
"where the palm trees are (:","YoungBlckPINUP"
"(~   )~ ~(   ~) in your nose","tessatanaka"
"SD Raised! CaL VEfornia Made!","YesSirImHerrr"
"Somewhere, Over The Clouds","swagtasticccc"
"Playin Madden @ Do Derty house","SirMarley"
"In a Box under the Sea :)","BulletForSummer"
"in ur face, but invisible :(","mylifeasshayne"
"810&517, socialize 248/313","LickMyDiamonds"
"Above the Clouds & N Ur dreams","10HollywooDST"
"in dah sky swimin wit dah fish","NikkiLovesJam"
"Where you wanna be,trust me..","iLAdoreCamille"
"In The World That Never Was...","RodIsTherapy"
"in eunhae and kyumin kingdom~","syasyahyukie"
"C@L!4N!@ #weast  Teen Model:)","ItssAl3xxBaby"
".Southpark.2.Hiram.Clarke","PnutButtaNJelly"
"Working my way to the top.","Mrdade305county"
"trying to find my happy place","greenyellow714"
"On stage, singin  so beautiful","TheWurdsmith"
"Jonatica Verified Mty&L.A","MarieTenienteJB"
"alex gaskarth s belly button","nikkilovesjello"
"Home of the Purple Sprite, USA","TribeCalledDex"
"DIAMOND DISTRICT to WORLDWIDE","iBeShiShiNi"
"wherever my Jordan s take me .","BeeYourOwnBoss"
"Swinging from a pole somewhere","CurlyWurlyOrgy"
"In Nathan,Ryan&Doh s Boxers :D","LauraLuvsRyanTW"
"Justin brings me everywhere","bieberarmyasia"
"grandrpirarie, texas ya lll(:","TheChristation"
"Where ever success leads me:)","KevynNOHEART"
"N 52°14  0   / E 0°18  0","clandestinedly"
"I live in SG, bros and sisters","DrShafbonculous"
"Wherever God says for me to be","MsJaVonne"
"Substation in waverly place","XeeshanMehdi"
"  where everr life takes me","courtesyofKIMMY"
"Entre o nada e o fim do mundo","DarkLinkagain"
"Witth my hunney bunches K mara","Pamputaee"
"baardlem met @AmyApocalypseFU","mariekexstar"
"N 37°26  0   / W 79°12  0","stonebluepro"
"In James Maslow s pants (;","PriyankaMaslow"
"Home: Brooklyn, NY. Current pl","mocharoka"
"In da toilet (Cus im da shit)","MARVELOUS1987"
"At ur Man crib where else  299","MrsKhalifa"
"Somewhere n your mans dreams","thickNherhips"
"ÜT:  7.552411,110.782849","bagusbagaskaraa"
"Rapwereld,paleis van drank.","crazybaggystyle"
"Between a rock & a hard place","PatronSoliloquy"
"|wheaa no onee elsee mattersx|","theefcknbestt"
"Levitating Above Empty Bottles","DrunkenLunatic"
"outta thiss world :B .haha","fuglyfacemanda"
"KC by way of ATLANTA GEORIGIA","MostEnvyed"
"Yo uncle brother basement","iKeepMySocksOn"
"Im everywhere you never been","TashawnTheDon"
"ÜT:  6.248341,106.935449","itsmeMonicaDhea"
"where the boys say BOMPTON!","SOBERassBELLA"
"ÜT:  8.668403,115.216318","liestyasiemeong"
"Pootling around exotic climes","PrimlyStable"
"Cuddlin w/ @iam most hated :)","certiifiedcuti"
"Da Beaches/Da Boonies 843/252","iJUSTcallEMshug"
"wait, where the fuck am I","fxckyouremotion"
"Making @prettyBIG deal scream","SMOKINGGOOD"
"Peak District to the Pennines","penninehelis"
"Hogwarts, with Harry Potter","MCforRealzzglam"
"Somewhere on Chicago s Skyline","KoriAntoinette"
"Mayfield Psychiatric Hospital.","AlexsMonster"
"eatin Gumbo off thick hoes","iRejectSlimHoes"
"Battery City/Adventureland.","fuckyeahgerard"
"ìs åröuñd då cørñer & hé ìs","kuzipj"
"in Fronk Lero s sea of dogs.","Mopplecopter"
"Find by your self dont ask me","MalihAthiya"
"Where the truth goes to die.","BloatedCarcass"
"http://us.newgoodz.com/twitter","usrapmusic"
"In  Your Head!! I m Yours oow!","McAulayMaduwuba"
"In my own world. China Land","chinadoll5star"
"Im riqht beside Y U[Heart]","AndiiThaGeneral"
"A World 2Minutes 2 Far Away","RosadoPopulair"
"club&&in ya girl s boyshorts","YoPussyMyFace"
"ÜT:  33.922348,18.423717","greennewshourly"
"Teachin  Koalas how to Dougie.","BegForDiamond"
"Playing tennis with your mom","iamkingKENT"
"Somewhere, talking to the moon","LEGSforDAYSS"
"curva nord;stadio zecchini","xemotionalrain"
"the world of the mighty boosh","dialEforEM"
"A DAY IN MY 5 INCH HEELS","LovelyNSmith561"
"I Gotta Shine Im A CALI Kid","YaMomzFavorite"
"In Dimitri s/Ballard s pants","jajenshadimose"
"Signing boobs & taking pics","BarbieFUCKKen"
"Where The Birds Be Tweetin  At","YUPNiftySaidIt"
"ÜT:  6.258761,106.970094","Imanuellaanyaa"
"The Other Side Of The Door :]","Swiftiesss13"
"somewhere with your momma","50isyoursource"
"Everywhere The Movement Is!!","NewMoneyWop"
"ÜT:  6.252504,106.865377","claraashleyezes"
"In between the river Jordan","ChokolatFaktory"
"12 East Hight St, Dour Jersey","BLOmonoply"
"IN THE DMV....PROLLY FLEETIN","BiTcHgOFLeeT"
"The Island of Misfit Toys, OR","zebraethegreat"
"On the streets & in your face.","Boredsoul90"
"N 36°38  0   / W 79°22  0","LeeAdams1209"
"striving for the BEST in life","callaAMBulance"
"Wishing I were someplace else.","rissasaurus"
"Jl.Bukit Resik No.14A, BDG, ID","mandajulian"
"Pis u g  USA/A uJ  N G   A!","Stilzaynab"
"In a castle with a baby dragon","KevinSTaRR"
"Ya moms kooda kat ,  aryland","TheRealQuan"
"my BeautiDarkTwistedFantasy =)","TEAMWimbo"
"leilani s ice cream truck :D","marlenebeliebs"
"Somewhere, Northern Hempishere","JackWanninger"
"flip ur hair & ill be there","JBiebsSexySwag"
"Somewhere out there, stranded","jayElayTrix"
"Shermer High School, Midwest","heardaruckus"
"around, going MAD w. Roman Z(:","WhtsMyNameDrake"
"Gods (Dublin   Memphis) Hands","suchAbellaWoman"
"Kick n sh!t around on your TL!","AnTMonology"
"Somewhere Out There Stranded","DaAmazinReality"
"Always lookin for an Escape :)","datBMzNEESH"
"N 21°17  0   / W 157°50  0","thecolleenclub"
"lettin @HCTaylor286 tat my ass","FatFreeCrack"
"International, to be honest.","COOLCRUELWORLD"
"Where The Wild Things Are","xoxoNadiaSimone"
"Wrong Way Down a One Way..","cracklikethe80s"
"The DMV (and no, not that DMV)","PaliNawali"
"N 45°10  0   / W 93°17  0","johnslady1993"
"So Official You Aint Gotta Ask","KayyOhhGotFlow"
"In a Playa Circle of Success","KenKenington"
"Hanging with Carmen Sandiego","GreyGooseGirl"
"Louie V & Shopping Spree s ;)","LaBellaBadd"
"Wherever my path sees me at...","PeterMcSowfte"
"Wouldn t YOU like to know!","itsmariahbabyy"
"Inland NW, USA.. Native NYer.","BigSpiders"
"NationOfPinkSlam+PinkSalam=","YMCMBPAKISTAN"
"where the caller ID say 703","buckymalone703"
"In Da Phantom wit Ur Girl...","FamousasiwannaB"
"The Dark Dimension with Damon","ElenaDamonForev"
"Sometimes here, mostly there","WhatPAIGEAreUOn"
"in ur mind n ur deepest heart","kickinchuks"
"BR/Hammy/NewOrleans/FortWayne","FALLOpiaNchairs"
"In a pineapple under the sea.","VivaLaMUGGINS"
"Standing Behind U,No Over Here","XpressiveD"
"Mentaly Mars, physically Cambr","AyitiNonsense"
"wit yo pops. he said wassssup","WExBullshittin"
"Hiding from myself in my room","deepdarkred"
"Here, There, and Everywhere","BeatlesLyrics"
"T DOT (Toronto, for the n00bz)","mariaashleyxoxo"
"The 6th Borough, SpaceVille","CookieDoeMonsta"
"N 29°51  0   / W 95°17  0","mzindependent"
"Concerts most of the time.","CherylPixieGABA"
"Putting FORTUNE together","chrisbrownfan91"
"Indonesian   Tangerang Selatan","FaiisallL"
"The One in Red on Ur Shoulder","Regulationh0tti"
"Should I Tell U  .....Nah","35SouthernBelle"
"ErryWare Ur Ass Ain t Bin Yet","MecHaNicAldoLlY"
"Ash s hands or in the case. :D","AshleysBass"
"Planet Earth /  Planeta Tierra","DainaChaviano"
"n dreams stealin icecream bars","TrackLove"
"iPhone:  6.192687,106.901922","StefanoGabriel"
"Dhem wish a nigga Woods!","bkadhatbadchick"
"coming to a town near you....","BezzeraEspresso"
"ÜT:  6.654376,106.844506","mitadwiolabora"
"in the   of a courageous soul","twiinkerbell"
"#WIT #YO #LADIE #BY #MYSIDE","MrNinthWonder"
"Fontana(SoCal)/Frisko(NorCal)","ConfidencEXuder"
"I d like to take you there|| A","HerbandOliveOil"
"ÜT:  6.839245,107.910856","aditmangkubumi"
"somewhere with the lakers","SLIPPERYWHNWET"
"ÜT:  6.226335,107.029576","BintangSatyaMP"
"iPhone: 53.609169, 2.164513","DukeofMonton"
"DMV by way of Green Bay, Wisc","WealthMakeEmWet"
"ÜT:  7.271138,112.759755","wildaarosyidah"
"Arch City, STL, Westside..CWE","DatSkinnyBoy"
"Ind0nesia  ^^ tepatny d medant","sarahleciel"
"Midnight train going anywhere","TrueDreamWeaver"
"his heart &runnin thru ur mind","BadAbymarie"
"ÜT:  6.141625,106.690798","WilliamSantosoC"
"ÜT: 52.093064, 3.107259","edstudentbrewer"
"Cool s Ville Population:ME","SpectralStepDad"
"love&lust blvd...waiting.","IIVIIILXXXIXII"
"WhoVille & Training Wheels","BreyeBlueSkies"
"Jerseyy ! / Arizonaa.. for now","PrettyyLynnyy"
"With the stars in the sky.","SwTnSpyCDimplez"
"Where ever I damn well please.","HazelEyedVirus"
"outer space (manchester) lol","beccagunshon"
"BIEBER s heart[philippines]","nicholelovejb"
"BETWEEN POINT A & POINT B...","MrIncredible5"
"Where ever you want me to be","SeriouslyKP"
"LEGEND OF THE SEEKER TIMELINE~","XENASBABYBLUE"
"Source Code Operations Center","SourceCodeOps"
"Mr. Magorium s Wonder Emporium","SuperStarStorme"
"In A Spaceshuttle 2 My Dreams.","CallMeKidBlitz"
"Land of dope kicks && females","JordenStarr"
"inside my own head, yah, scary","huhwhtevr"
"N 33°40  0   / W 84°12  0","TalkoftheATL"
"Fighting With @C0okiemonsta103","iTookDaSandwich"
"Where ever the wind blows!!!","exquisitesweeti"
"Everywhere the DMV takes me","LABELMEMONEY"
"WHERE YOUR BITCH WANT TO BE...","yolandadutchess"
"I am out of this world. Ha!","totalAWESAMness"
"Breaking out of my shell...","BlurryWriter"
"Heaven next2 POP R.I.P William","TONZofBUNZ"
"Head Spinning so fast, Im lost","RespectIsEarnt"
"In the Cut, comfortably...BKNY","BLACKtheMAMBA"
"In the land of mesmerized...","TheMerazEffect"
"late nights.. missing days.","gabbielabelle"
"In the cut rolling doobies up","RoMahfucknDaddy"
"everywhere you wish you were","xxxdemetriaxxx"
"Gettin  Sleazy With Ke$ha. «3","xyouarefirework"
"Biggest house in the  Ford!","RobertoNovelli"
"Eating springrolls with Zayn.","JustAFlingBaby2"
"Uh ohh ; thats for the feds .","WordsFromKRISSY"
"Teachin Fat Joe Wii Fit Cheats","KeepingItRealz"
"between PERFECT and IM PERFECT","iWalkuRAEi"
"Wherever Michael s spirit is","mjglambertgrl"
"Playing with Ray Ray s Braids!","RaysBabyDollMB"
"Everywhere u aint never there!","MilanoPepper"
"A  Big Story Book  For real!","ClasicMthrGoose"
"In the 215....most of the time","RealisticOne"
"Narnia,with all the bottlecaps","UnicornBabies"
"PrettieGirls World:: The Elite","thAloKAlceleb7"
"Somewhere inside the motel","Iamwillysandy"
"basha.PRETTY.pink.LOVES.nicki","ZebraLovesNicki"
"The Collegiate Space Academy","SirKASHFLOW"
